retailer_media_key,region_key,brand_key,retailer_key,date_key,campaign_name,media_type,placement_type,spend_ty,impressions_ty,clicks_ty,click_sales_ty,click_through_rate_ty,cost_per_click_ty,click_roas_ty,cvr_ty,record_created_date,record_updated_date,ly_date,fiscly_date,gregly_date,spend_ly,impressions_ly,clicks_ly,click_sales_ly,click_roas_ly
39020261-1e8a-4726-b2a5-26e726876dbb,1,1,1,2025-06-01,Summer_Electronics_2025,Sponsored Products,Search,2000.0,250000,3200,7200.0,0.0128,0.625,3.6,0.0673987780189532,2025-11-22 14:39:09.502664,2025-11-22 14:39:09.502668,,,,,,,,
75dfe61c-e185-4e10-83c3-f69c2aa5714b,1,1,1,2025-06-02,Summer_Electronics_2025,Sponsored Products,Search,2000.0,250000,3200,7200.0,0.0128,0.625,3.6,0.032858263645374156,2025-11-22 14:39:09.502683,2025-11-22 14:39:09.502683,,,,,,,,
5c58f05f-681c-4f9c-bf62-018527e73a72,1,1,1,2025-06-03,Summer_Electronics_2025,Sponsored Products,Search,2000.0,250000,3200,7200.0,0.0128,0.625,3.6,0.05920887972294856,2025-11-22 14:39:09.502688,2025-11-22 14:39:09.502689,,,,,,,,
76e04ecd-c305-4307-b9aa-f330ae8927a7,1,1,1,2025-06-04,Summer_Electronics_2025,Sponsored Products,Search,2000.0,250000,3200,7200.0,0.0128,0.625,3.6,0.05514251914597568,2025-11-22 14:39:09.502692,2025-11-22 14:39:09.502693,,,,,,,,
45ddb56b-2d29-4eb3-ad20-f686be1fea1c,1,1,1,2025-06-05,Summer_Electronics_2025,Sponsored Products,Search,2000.0,250000,3200,7200.0,0.0128,0.625,3.6,0.07263599460241427,2025-11-22 14:39:09.502696,2025-11-22 14:39:09.502696,,,,,,,,
6de7d4bb-6f24-4218-bf4a-180e282a37e9,1,1,1,2025-06-06,Summer_Electronics_2025,Sponsored Products,Search,2000.0,250000,3200,7200.0,0.0128,0.625,3.6,0.03787163639697416,2025-11-22 14:39:09.502700,2025-11-22 14:39:09.502700,,,,,,,,
2fe67ae2-89f7-4f43-81e6-f6582fda1a7f,1,1,1,2025-06-07,Summer_Electronics_2025,Sponsored Products,Search,2000.0,250000,3200,7200.0,0.0128,0.625,3.6,0.07803894516372252,2025-11-22 14:39:09.502703,2025-11-22 14:39:09.502704,,,,,,,,
32318c45-8a8c-47f0-9b30-8058b0dfdc78,1,1,1,2025-06-08,Summer_Electronics_2025,Sponsored Products,Search,2000.0,250000,3200,7200.0,0.0128,0.625,3.6,0.03400557326202934,2025-11-22 14:39:09.502707,2025-11-22 14:39:09.502707,,,,,,,,
0fc09df2-3e77-4da5-a9b3-e1be220d32d9,1,1,1,2025-06-09,Summer_Electronics_2025,Sponsored Products,Search,2000.0,250000,3200,7200.0,0.0128,0.625,3.6,0.03929124804903616,2025-11-22 14:39:09.502711,2025-11-22 14:39:09.502711,,,,,,,,
4894f9af-ed01-418f-9049-24352594b66f,1,1,1,2025-06-10,Summer_Electronics_2025,Sponsored Products,Search,2000.0,250000,3200,7200.0,0.0128,0.625,3.6,0.05975175532250138,2025-11-22 14:39:09.502714,2025-11-22 14:39:09.502714,,,,,,,,
26e1b293-ccf2-4e55-a362-c2c8a18f0ef7,1,1,1,2025-06-11,Summer_Electronics_2025,Sponsored Products,Search,2000.0,250000,3200,7200.0,0.0128,0.625,3.6,0.06376062768020452,2025-11-22 14:39:09.502717,2025-11-22 14:39:09.502718,,,,,,,,
4485cc2d-d1f6-4d66-98b7-9e53045bcaf1,1,1,1,2025-06-12,Summer_Electronics_2025,Sponsored Products,Search,2000.0,250000,3200,7200.0,0.0128,0.625,3.6,0.04176019475004656,2025-11-22 14:39:09.502721,2025-11-22 14:39:09.502721,,,,,,,,
66227a1c-f03f-468e-961c-6d4ee883489f,1,1,1,2025-06-13,Summer_Electronics_2025,Sponsored Products,Search,2000.0,250000,3200,7200.0,0.0128,0.625,3.6,0.035994330697356205,2025-11-22 14:39:09.502724,2025-11-22 14:39:09.502724,,,,,,,,
bd47071d-5b71-4d96-a63b-2f62c6eff656,1,1,1,2025-06-14,Summer_Electronics_2025,Sponsored Products,Search,2000.0,250000,3200,7200.0,0.0128,0.625,3.6,0.07451436570647188,2025-11-22 14:39:09.502727,2025-11-22 14:39:09.502728,,,,,,,,
f5faca28-56fb-494e-a2e7-1a9042ce8192,1,1,1,2025-06-15,Summer_Electronics_2025,Sponsored Products,Search,2000.0,250000,3200,7200.0,0.0128,0.625,3.6,0.04231076738943124,2025-11-22 14:39:09.502731,2025-11-22 14:39:09.502731,,,,,,,,
c26be28f-a2c9-473c-a85c-e27201026df2,1,1,1,2025-06-16,Summer_Electronics_2025,Sponsored Products,Search,2000.0,250000,3200,7200.0,0.0128,0.625,3.6,0.05972595767667206,2025-11-22 14:39:09.502735,2025-11-22 14:39:09.502735,,,,,,,,
74b63aac-754c-4b1b-b8cd-579d28a3016b,1,1,1,2025-06-17,Summer_Electronics_2025,Sponsored Products,Search,2000.0,250000,3200,7200.0,0.0128,0.625,3.6,0.06096907551660516,2025-11-22 14:39:09.502739,2025-11-22 14:39:09.502739,,,,,,,,
00c0aaa1-1e41-44c9-9a81-9c018d239c78,1,1,1,2025-06-18,Summer_Electronics_2025,Sponsored Products,Search,2000.0,250000,3200,7200.0,0.0128,0.625,3.6,0.050961245766793624,2025-11-22 14:39:09.502744,2025-11-22 14:39:09.502744,,,,,,,,
58401ad5-c7db-457d-8be9-8758f4ee9872,1,1,1,2025-06-19,Summer_Electronics_2025,Sponsored Products,Search,2000.0,250000,3200,7200.0,0.0128,0.625,3.6,0.05918361446456123,2025-11-22 14:39:09.502748,2025-11-22 14:39:09.502749,,,,,,,,
9f56adda-c77c-4902-a3f8-621a1203792a,1,1,1,2025-06-20,Summer_Electronics_2025,Sponsored Products,Search,2000.0,250000,3200,7200.0,0.0128,0.625,3.6,0.056139135776597945,2025-11-22 14:39:09.502753,2025-11-22 14:39:09.502753,,,,,,,,
8cca84cf-9a90-41e1-bcbb-95654c0f23e3,1,1,1,2025-06-21,Summer_Electronics_2025,Sponsored Products,Search,2000.0,250000,3200,7200.0,0.0128,0.625,3.6,0.07673531288682137,2025-11-22 14:39:09.502757,2025-11-22 14:39:09.502757,,,,,,,,
0cb85828-03a0-454b-98a8-387d04e29fc6,1,1,1,2025-06-22,Summer_Electronics_2025,Sponsored Products,Search,2000.0,250000,3200,7200.0,0.0128,0.625,3.6,0.04021295997117682,2025-11-22 14:39:09.502762,2025-11-22 14:39:09.502762,,,,,,,,
c2f04552-3f69-4942-b397-f0d3cc64b770,1,1,1,2025-06-23,Summer_Electronics_2025,Sponsored Products,Search,2000.0,250000,3200,7200.0,0.0128,0.625,3.6,0.06580959003947073,2025-11-22 14:39:09.502766,2025-11-22 14:39:09.502767,,,,,,,,
8c116b2b-aa01-4a86-b0f8-cb37906fc778,1,1,1,2025-06-24,Summer_Electronics_2025,Sponsored Products,Search,2000.0,250000,3200,7200.0,0.0128,0.625,3.6,0.0419342976307923,2025-11-22 14:39:09.502771,2025-11-22 14:39:09.502771,,,,,,,,
3ecc45ba-c7db-4f5b-99ab-b07ae0521bb2,1,1,1,2025-06-25,Summer_Electronics_2025,Sponsored Products,Search,2000.0,250000,3200,7200.0,0.0128,0.625,3.6,0.049789292339562724,2025-11-22 14:39:09.502774,2025-11-22 14:39:09.502775,,,,,,,,
d4b0ef28-068b-417c-b2bb-9cfac359ae73,1,1,1,2025-06-26,Summer_Electronics_2025,Sponsored Products,Search,2000.0,250000,3200,7200.0,0.0128,0.625,3.6,0.06358451114799857,2025-11-22 14:39:09.502778,2025-11-22 14:39:09.502778,,,,,,,,
fe5b9d41-3975-43b7-97ba-457cb53c6b22,1,1,1,2025-06-27,Summer_Electronics_2025,Sponsored Products,Search,2000.0,250000,3200,7200.0,0.0128,0.625,3.6,0.04499985398993811,2025-11-22 14:39:09.502781,2025-11-22 14:39:09.502781,,,,,,,,
f8d71ff4-362f-4429-9a2b-c6eb7de31514,1,1,1,2025-06-28,Summer_Electronics_2025,Sponsored Products,Search,2000.0,250000,3200,7200.0,0.0128,0.625,3.6,0.0458088598135927,2025-11-22 14:39:09.502784,2025-11-22 14:39:09.502784,,,,,,,,
99d6fad0-01ef-4327-b603-e1455406428e,1,1,1,2025-06-29,Summer_Electronics_2025,Sponsored Products,Search,2000.0,250000,3200,7200.0,0.0128,0.625,3.6,0.06759322462072011,2025-11-22 14:39:09.502787,2025-11-22 14:39:09.502787,,,,,,,,
b76f7312-e986-4fe7-9ba1-9ce0c344d1e7,1,1,1,2025-06-30,Summer_Electronics_2025,Sponsored Products,Search,2000.0,250000,3200,7200.0,0.0128,0.625,3.6,0.03362715572465787,2025-11-22 14:39:09.502790,2025-11-22 14:39:09.502790,,,,,,,,
8e941dd4-d468-44b3-91b4-c5840cad4591,1,1,1,2025-07-01,Summer_Electronics_2025,Sponsored Products,Search,5000.0,500000,7500,18000.0,0.015,0.6666666666666666,3.6,0.052914276130929305,2025-11-22 14:39:09.502793,2025-11-22 14:39:09.502794,,,,,,,,
41e65717-6283-45a0-8112-c25d99be385c,1,1,1,2025-07-02,Summer_Electronics_2025,Sponsored Products,Search,5000.0,500000,7500,18000.0,0.015,0.6666666666666666,3.6,0.07992272204272212,2025-11-22 14:39:09.502797,2025-11-22 14:39:09.502797,,,,,,,,
49bd9993-c290-4209-b6c3-8905fb14a11e,1,1,1,2025-07-03,Summer_Electronics_2025,Sponsored Products,Search,5000.0,500000,7500,18000.0,0.015,0.6666666666666666,3.6,0.07980482239275472,2025-11-22 14:39:09.502800,2025-11-22 14:39:09.502800,,,,,,,,
1a20649b-adb4-49fa-b581-9b2a8a8d7676,1,1,1,2025-07-04,Summer_Electronics_2025,Sponsored Products,Search,5000.0,500000,7500,18000.0,0.015,0.6666666666666666,3.6,0.03366303605498165,2025-11-22 14:39:09.502804,2025-11-22 14:39:09.502804,,,,,,,,
4d360725-f5dd-4dd7-88b2-cf4359940af9,1,1,1,2025-07-05,Summer_Electronics_2025,Sponsored Products,Search,5000.0,500000,7500,18000.0,0.015,0.6666666666666666,3.6,0.04065771561335202,2025-11-22 14:39:09.502807,2025-11-22 14:39:09.502807,,,,,,,,
b596af8a-fd85-4fa2-82ce-d35b50932490,1,1,1,2025-07-06,Summer_Electronics_2025,Sponsored Products,Search,5000.0,500000,7500,18000.0,0.015,0.6666666666666666,3.6,0.04326002073752007,2025-11-22 14:39:09.502810,2025-11-22 14:39:09.502810,,,,,,,,
2384e96f-3508-41a6-8356-350ec323e514,1,1,1,2025-07-07,Summer_Electronics_2025,Sponsored Products,Search,5000.0,500000,7500,18000.0,0.015,0.6666666666666666,3.6,0.07666296889968546,2025-11-22 14:39:09.502813,2025-11-22 14:39:09.502813,,,,,,,,
e34cba87-78e4-429e-b447-85a6dfbfcece,1,1,1,2025-07-08,Summer_Electronics_2025,Sponsored Products,Search,5000.0,500000,7500,18000.0,0.015,0.6666666666666666,3.6,0.07404320868432199,2025-11-22 14:39:09.502816,2025-11-22 14:39:09.502816,,,,,,,,
9f683ee5-76a2-4d88-aa28-8bcc5b3e13a8,1,1,1,2025-07-09,Summer_Electronics_2025,Sponsored Products,Search,5000.0,500000,7500,18000.0,0.015,0.6666666666666666,3.6,0.07396351212422714,2025-11-22 14:39:09.502819,2025-11-22 14:39:09.502819,,,,,,,,
0c5fa756-8091-42b7-9a41-93a93be228c9,1,1,1,2025-07-10,Summer_Electronics_2025,Sponsored Products,Search,5000.0,500000,7500,18000.0,0.015,0.6666666666666666,3.6,0.0484763544369442,2025-11-22 14:39:09.502822,2025-11-22 14:39:09.502822,,,,,,,,
e510d13d-988f-452a-974b-bb6bfac2f553,1,1,1,2025-07-11,Summer_Electronics_2025,Sponsored Products,Search,5000.0,500000,7500,18000.0,0.015,0.6666666666666666,3.6,0.0378873416178616,2025-11-22 14:39:09.502825,2025-11-22 14:39:09.502825,,,,,,,,
a3f748f6-1788-4774-bfe1-69e87aa0facf,1,1,1,2025-07-12,Summer_Electronics_2025,Sponsored Products,Search,5000.0,500000,7500,18000.0,0.015,0.6666666666666666,3.6,0.07168724773199035,2025-11-22 14:39:09.502828,2025-11-22 14:39:09.502828,,,,,,,,
0012ee9c-46a8-48ce-93f9-1d28022835b0,1,1,1,2025-07-13,Summer_Electronics_2025,Sponsored Products,Search,5000.0,500000,7500,18000.0,0.015,0.6666666666666666,3.6,0.06517699625436854,2025-11-22 14:39:09.502831,2025-11-22 14:39:09.502831,,,,,,,,
7ff2ec96-5790-4615-9033-d16c3acf0d14,1,1,1,2025-07-14,Summer_Electronics_2025,Sponsored Products,Search,5000.0,500000,7500,18000.0,0.015,0.6666666666666666,3.6,0.0605838882862975,2025-11-22 14:39:09.502834,2025-11-22 14:39:09.502834,,,,,,,,
9345847a-a0ab-4c0d-a37e-4db3753793a7,1,1,1,2025-07-15,Summer_Electronics_2025,Sponsored Products,Search,5000.0,500000,7500,18000.0,0.015,0.6666666666666666,3.6,0.07936165318157522,2025-11-22 14:39:09.502837,2025-11-22 14:39:09.502837,,,,,,,,
c4afa38a-1b50-418d-8d8f-2a261a0ef8f7,1,1,1,2025-07-16,Summer_Electronics_2025,Sponsored Products,Search,5000.0,650000,8500,14000.0,0.013076923076923076,0.5882352941176471,2.8,0.06269881588553664,2025-11-22 14:39:09.502841,2025-11-22 14:39:09.502841,,,,,,,,
ce6c075b-94dd-4695-a7e6-663c35670dc6,1,1,1,2025-07-17,Summer_Electronics_2025,Sponsored Products,Search,5000.0,650000,8500,14000.0,0.013076923076923076,0.5882352941176471,2.8,0.030391155357607898,2025-11-22 14:39:09.502844,2025-11-22 14:39:09.502844,,,,,,,,
685afb8f-37fc-465c-b05b-b32a85675476,1,1,1,2025-07-18,Summer_Electronics_2025,Sponsored Products,Search,5000.0,650000,8500,14000.0,0.013076923076923076,0.5882352941176471,2.8,0.07085520675577309,2025-11-22 14:39:09.502847,2025-11-22 14:39:09.502847,,,,,,,,
2dc3e2bd-58d9-4485-90a1-354f61fea7fb,1,1,1,2025-07-19,Summer_Electronics_2025,Sponsored Products,Search,5000.0,650000,8500,14000.0,0.013076923076923076,0.5882352941176471,2.8,0.04496893760999889,2025-11-22 14:39:09.502850,2025-11-22 14:39:09.502850,,,,,,,,
b4635da0-d0e6-4fb3-ae8a-005a367e10b9,1,1,1,2025-07-20,Summer_Electronics_2025,Sponsored Products,Search,5000.0,650000,8500,14000.0,0.013076923076923076,0.5882352941176471,2.8,0.06316943574830386,2025-11-22 14:39:09.502853,2025-11-22 14:39:09.502853,,,,,,,,
4425b779-60ca-4c58-bd83-e43802f5e895,1,1,1,2025-07-21,Summer_Electronics_2025,Sponsored Products,Search,5000.0,650000,8500,14000.0,0.013076923076923076,0.5882352941176471,2.8,0.0769465001963552,2025-11-22 14:39:09.502857,2025-11-22 14:39:09.502857,,,,,,,,
f565eb10-fb67-4afe-8f52-b0f6c921adc3,1,1,1,2025-07-22,Summer_Electronics_2025,Sponsored Products,Search,5000.0,650000,8500,14000.0,0.013076923076923076,0.5882352941176471,2.8,0.03671455571966838,2025-11-22 14:39:09.502860,2025-11-22 14:39:09.502860,,,,,,,,
a13e5d42-15fb-4383-96e6-07963eeee8d1,1,1,1,2025-07-23,Summer_Electronics_2025,Sponsored Products,Search,5000.0,650000,8500,14000.0,0.013076923076923076,0.5882352941176471,2.8,0.03577143352095511,2025-11-22 14:39:09.502863,2025-11-22 14:39:09.502864,,,,,,,,
8c0f3e98-8945-48d7-a5da-1d4088a6d98f,1,1,1,2025-07-24,Summer_Electronics_2025,Sponsored Products,Search,5000.0,650000,8500,14000.0,0.013076923076923076,0.5882352941176471,2.8,0.03535179888547088,2025-11-22 14:39:09.502867,2025-11-22 14:39:09.502867,,,,,,,,
1d635d36-0d40-43e3-bacd-569533d9ed40,1,1,1,2025-07-25,Summer_Electronics_2025,Sponsored Products,Search,5000.0,650000,8500,14000.0,0.013076923076923076,0.5882352941176471,2.8,0.0576611820442408,2025-11-22 14:39:09.502870,2025-11-22 14:39:09.502870,,,,,,,,
17aadb8e-dd18-4a28-84b7-12ce8e45675e,1,1,1,2025-07-26,Summer_Electronics_2025,Sponsored Products,Search,5000.0,650000,8500,14000.0,0.013076923076923076,0.5882352941176471,2.8,0.043617410615740815,2025-11-22 14:39:09.502873,2025-11-22 14:39:09.502873,,,,,,,,
582897bc-8d94-4821-8578-2c547d984f4b,1,1,1,2025-07-27,Summer_Electronics_2025,Sponsored Products,Search,5000.0,650000,8500,14000.0,0.013076923076923076,0.5882352941176471,2.8,0.060241491351511196,2025-11-22 14:39:09.502876,2025-11-22 14:39:09.502876,,,,,,,,
87b057db-0719-4de5-a003-60dd5c21ef96,1,1,1,2025-07-28,Summer_Electronics_2025,Sponsored Products,Search,5000.0,650000,8500,14000.0,0.013076923076923076,0.5882352941176471,2.8,0.0658806093569399,2025-11-22 14:39:09.502879,2025-11-22 14:39:09.502880,,,,,,,,
95a9043b-b024-4525-af57-44a8cb10cc5a,1,1,1,2025-07-29,Summer_Electronics_2025,Sponsored Products,Search,5000.0,650000,8500,14000.0,0.013076923076923076,0.5882352941176471,2.8,0.04017986561637264,2025-11-22 14:39:09.502883,2025-11-22 14:39:09.502883,,,,,,,,
21824903-d707-4b7e-8790-68b8a8a80572,1,1,1,2025-07-30,Summer_Electronics_2025,Sponsored Products,Search,5000.0,650000,8500,14000.0,0.013076923076923076,0.5882352941176471,2.8,0.06171189794425399,2025-11-22 14:39:09.502886,2025-11-22 14:39:09.502886,,,,,,,,
d80187cc-9a7c-4372-8861-73c9fa81c9b9,1,1,1,2025-07-31,Summer_Electronics_2025,Sponsored Products,Search,5000.0,650000,8500,14000.0,0.013076923076923076,0.5882352941176471,2.8,0.04319919508152047,2025-11-22 14:39:09.502889,2025-11-22 14:39:09.502889,,,,,,,,
02248248-3b4a-475c-81b3-42490e1b5118,1,1,1,2025-08-01,Summer_Electronics_2025,Sponsored Products,Search,2000.0,250000,3200,7200.0,0.0128,0.625,3.6,0.05442659260746883,2025-11-22 14:39:09.502892,2025-11-22 14:39:09.502892,,,,,,,,
92b2cc35-dd1c-40b5-aefa-beeefaf3ee0f,1,1,1,2025-08-02,Summer_Electronics_2025,Sponsored Products,Search,2000.0,250000,3200,7200.0,0.0128,0.625,3.6,0.07526682455396616,2025-11-22 14:39:09.502896,2025-11-22 14:39:09.502896,,,,,,,,
ec293620-4da4-4c20-9c4a-976b587a4504,1,1,1,2025-08-03,Summer_Electronics_2025,Sponsored Products,Search,2000.0,250000,3200,7200.0,0.0128,0.625,3.6,0.07230518566474278,2025-11-22 14:39:09.502899,2025-11-22 14:39:09.502899,,,,,,,,
3c324b95-e96e-417b-b2a7-912cfaa0ad3a,1,1,1,2025-08-04,Summer_Electronics_2025,Sponsored Products,Search,2000.0,250000,3200,7200.0,0.0128,0.625,3.6,0.03461492338563667,2025-11-22 14:39:09.502902,2025-11-22 14:39:09.502903,,,,,,,,
67cac8eb-5558-4aae-8568-4e5382aa36d7,1,1,1,2025-08-05,Summer_Electronics_2025,Sponsored Products,Search,2000.0,250000,3200,7200.0,0.0128,0.625,3.6,0.05117878862818632,2025-11-22 14:39:09.502907,2025-11-22 14:39:09.502907,,,,,,,,
2402df2c-d1fb-4333-9940-b1d5eb9ccd86,1,1,1,2025-08-06,Summer_Electronics_2025,Sponsored Products,Search,2000.0,250000,3200,7200.0,0.0128,0.625,3.6,0.043834011198612584,2025-11-22 14:39:09.502910,2025-11-22 14:39:09.502910,,,,,,,,
b734555a-0e58-4849-927d-31307198dd6b,1,1,1,2025-08-07,Summer_Electronics_2025,Sponsored Products,Search,2000.0,250000,3200,7200.0,0.0128,0.625,3.6,0.030177284454389115,2025-11-22 14:39:09.502913,2025-11-22 14:39:09.502914,,,,,,,,
86f59047-7642-4fda-8bb6-1adc53e08bbb,1,1,1,2025-08-08,Summer_Electronics_2025,Sponsored Products,Search,2000.0,250000,3200,7200.0,0.0128,0.625,3.6,0.06855596115098136,2025-11-22 14:39:09.502917,2025-11-22 14:39:09.502917,,,,,,,,
77ad88ed-171d-4551-b60a-6989c88046f7,1,1,1,2025-08-09,Summer_Electronics_2025,Sponsored Products,Search,2000.0,250000,3200,7200.0,0.0128,0.625,3.6,0.061855668865068984,2025-11-22 14:39:09.502920,2025-11-22 14:39:09.502920,,,,,,,,
3c665ddd-8c8b-4dca-81cb-199ec4535066,1,1,1,2025-08-10,Summer_Electronics_2025,Sponsored Products,Search,2000.0,250000,3200,7200.0,0.0128,0.625,3.6,0.04309776312171741,2025-11-22 14:39:09.502923,2025-11-22 14:39:09.502924,,,,,,,,
e0d13fdd-6d45-4e1f-bf9c-f89e0d71a7c7,1,1,1,2025-08-11,Summer_Electronics_2025,Sponsored Products,Search,2000.0,250000,3200,7200.0,0.0128,0.625,3.6,0.06706154541739653,2025-11-22 14:39:09.502927,2025-11-22 14:39:09.502927,,,,,,,,
018705f5-1022-4203-9363-1402d037f7d7,1,1,1,2025-08-12,Summer_Electronics_2025,Sponsored Products,Search,2000.0,250000,3200,7200.0,0.0128,0.625,3.6,0.05758402105631956,2025-11-22 14:39:09.502930,2025-11-22 14:39:09.502930,,,,,,,,
e553ac65-177e-4a84-8195-91db046d6770,1,1,1,2025-08-13,Summer_Electronics_2025,Sponsored Products,Search,2000.0,250000,3200,7200.0,0.0128,0.625,3.6,0.05138434594903397,2025-11-22 14:39:09.502934,2025-11-22 14:39:09.502934,,,,,,,,
0677b805-f8d0-442e-b7db-7144328428fc,1,1,1,2025-08-14,Summer_Electronics_2025,Sponsored Products,Search,2000.0,250000,3200,7200.0,0.0128,0.625,3.6,0.030483484980416996,2025-11-22 14:39:09.502937,2025-11-22 14:39:09.502937,,,,,,,,
c9fa5b12-1c53-4c77-aaac-1c5aa42791aa,1,1,1,2025-08-15,Summer_Electronics_2025,Sponsored Products,Search,2000.0,250000,3200,7200.0,0.0128,0.625,3.6,0.03376219300368835,2025-11-22 14:39:09.502940,2025-11-22 14:39:09.502940,,,,,,,,
ff0171ae-7723-4286-91a9-94c4ebd86c42,1,1,1,2025-08-16,Summer_Electronics_2025,Sponsored Products,Search,2000.0,250000,3200,7200.0,0.0128,0.625,3.6,0.07415531966500716,2025-11-22 14:39:09.502943,2025-11-22 14:39:09.502944,,,,,,,,
b04f1c9d-6640-4e47-93e9-986c18c002f2,1,1,1,2025-08-17,Summer_Electronics_2025,Sponsored Products,Search,2000.0,250000,3200,7200.0,0.0128,0.625,3.6,0.07519642857799466,2025-11-22 14:39:09.502948,2025-11-22 14:39:09.502948,,,,,,,,
f27db7cf-949f-437f-b2e7-dd0588216437,1,1,1,2025-08-18,Summer_Electronics_2025,Sponsored Products,Search,2000.0,250000,3200,7200.0,0.0128,0.625,3.6,0.05727951446027611,2025-11-22 14:39:09.502951,2025-11-22 14:39:09.502951,,,,,,,,
6ffd86ba-cf18-42d7-bf07-e634a3292bd4,1,1,1,2025-08-19,Summer_Electronics_2025,Sponsored Products,Search,2000.0,250000,3200,7200.0,0.0128,0.625,3.6,0.07172975099430084,2025-11-22 14:39:09.502954,2025-11-22 14:39:09.502955,,,,,,,,
a1852e09-faf2-435c-a77c-2d6df279a222,1,1,1,2025-08-20,Summer_Electronics_2025,Sponsored Products,Search,2000.0,250000,3200,7200.0,0.0128,0.625,3.6,0.0591254783244897,2025-11-22 14:39:09.502958,2025-11-22 14:39:09.502958,,,,,,,,
c4e8be5d-7149-43bf-b8c1-a8fc76141e91,1,1,1,2025-08-21,Summer_Electronics_2025,Sponsored Products,Search,2000.0,250000,3200,7200.0,0.0128,0.625,3.6,0.037404689278374134,2025-11-22 14:39:09.502961,2025-11-22 14:39:09.502961,,,,,,,,
1233abe0-d1d9-4275-b223-da3bda8f73ce,1,1,1,2025-08-22,Summer_Electronics_2025,Sponsored Products,Search,2000.0,250000,3200,7200.0,0.0128,0.625,3.6,0.036372275964106936,2025-11-22 14:39:09.502964,2025-11-22 14:39:09.502965,,,,,,,,
6895323c-2cf8-4841-936c-1338b5e51901,1,1,1,2025-08-23,Summer_Electronics_2025,Sponsored Products,Search,2000.0,250000,3200,7200.0,0.0128,0.625,3.6,0.04541291749650668,2025-11-22 14:39:09.502968,2025-11-22 14:39:09.502968,,,,,,,,
ecfff066-bae0-4ddb-89d0-57d7ee6bb2a4,1,1,1,2025-08-24,Summer_Electronics_2025,Sponsored Products,Search,2000.0,250000,3200,7200.0,0.0128,0.625,3.6,0.0749490744371295,2025-11-22 14:39:09.502971,2025-11-22 14:39:09.502971,,,,,,,,
a64609fc-e4db-4ced-8ef9-fba28047e8bf,1,1,1,2025-08-25,Summer_Electronics_2025,Sponsored Products,Search,2000.0,250000,3200,7200.0,0.0128,0.625,3.6,0.06980611524440208,2025-11-22 14:39:09.502974,2025-11-22 14:39:09.502975,,,,,,,,
10567db3-a23e-4cb4-8364-4f370a2fbfc8,1,1,1,2025-08-26,Summer_Electronics_2025,Sponsored Products,Search,2000.0,250000,3200,7200.0,0.0128,0.625,3.6,0.07303512910004514,2025-11-22 14:39:09.502978,2025-11-22 14:39:09.502978,,,,,,,,
2c6a1224-5306-4358-9660-6ce28a29138b,1,1,1,2025-08-27,Summer_Electronics_2025,Sponsored Products,Search,2000.0,250000,3200,7200.0,0.0128,0.625,3.6,0.07494623182632373,2025-11-22 14:39:09.502981,2025-11-22 14:39:09.502981,,,,,,,,
7d60658b-ef33-4536-87be-8bbb316c5ab3,1,1,1,2025-08-28,Summer_Electronics_2025,Sponsored Products,Search,2000.0,250000,3200,7200.0,0.0128,0.625,3.6,0.0405038269169877,2025-11-22 14:39:09.502984,2025-11-22 14:39:09.502984,,,,,,,,
bbe6c147-c0df-4380-b075-b0d0f0e941d3,1,1,1,2025-08-29,Summer_Electronics_2025,Sponsored Products,Search,2000.0,250000,3200,7200.0,0.0128,0.625,3.6,0.04247648696114622,2025-11-22 14:39:09.502988,2025-11-22 14:39:09.502988,,,,,,,,
dc24d75c-729f-4b69-8912-dc72de02edfb,1,1,1,2025-08-30,Summer_Electronics_2025,Sponsored Products,Search,2000.0,250000,3200,7200.0,0.0128,0.625,3.6,0.03513968108358928,2025-11-22 14:39:09.502992,2025-11-22 14:39:09.502992,,,,,,,,
55145ea6-07ea-4c68-82d5-6b4e8b96783e,1,1,1,2025-08-31,Summer_Electronics_2025,Sponsored Products,Search,2000.0,250000,3200,7200.0,0.0128,0.625,3.6,0.06900581209357214,2025-11-22 14:39:09.502995,2025-11-22 14:39:09.502995,,,,,,,,
59c34868-aa7d-4c38-be60-9e6c8f46358a,1,2,1,2024-11-01,Holiday_SmartHome_2024,Sponsored Brands,Homepage,895.7212313059081,99386,1422,2585.394844548173,0.014307850200229408,0.6299024130140001,2.886383345830512,0.07649405078468371,2025-11-22 14:39:09.503001,2025-11-22 14:39:09.503001,,,,,,,,
dc1cc32e-a222-41a3-8c59-c2e3c8909bd3,1,2,1,2024-11-02,Holiday_SmartHome_2024,Sponsored Brands,Homepage,878.1451265979675,172494,2960,4130.391178068856,0.01716001716001716,0.29667065087769173,4.703540511658311,0.031239318094909437,2025-11-22 14:39:09.503007,2025-11-22 14:39:09.503007,,,,,,,,
1d947154-d15e-4425-9bc4-b3fb4039970e,1,2,1,2024-11-03,Holiday_SmartHome_2024,Sponsored Brands,Homepage,762.9080245795739,76159,1444,3437.3491241860656,0.018960332987565488,0.5283296569110623,4.505587847342847,0.07320320141876396,2025-11-22 14:39:09.503011,2025-11-22 14:39:09.503011,,,,,,,,
ffbac996-f64f-49f2-bf61-1c30476bb441,1,2,1,2024-11-04,Holiday_SmartHome_2024,Sponsored Brands,Homepage,829.6743849169501,74687,1255,2298.39639316259,0.016803459772115628,0.6610951274238646,2.7702390660073926,0.07360833914530449,2025-11-22 14:39:09.503014,2025-11-22 14:39:09.503015,,,,,,,,
fd52e2af-b519-4574-b69e-e99d84178a41,1,2,1,2024-11-05,Holiday_SmartHome_2024,Sponsored Brands,Homepage,872.7339262040035,72755,1254,3186.140438624399,0.017235928802144182,0.6959600687432245,3.6507580866973557,0.04525954336693003,2025-11-22 14:39:09.503018,2025-11-22 14:39:09.503018,,,,,,,,
a5069f55-470e-4f1e-b87f-d4285d0f74c7,1,2,1,2024-11-06,Holiday_SmartHome_2024,Sponsored Brands,Homepage,815.8109492375756,68641,367,2433.420862948139,0.00534665870252473,2.2229181178135575,2.9828244708192715,0.046413097559885326,2025-11-22 14:39:09.503021,2025-11-22 14:39:09.503021,,,,,,,,
d655d550-012c-4763-8f25-e3674eea6119,1,2,1,2024-11-07,Holiday_SmartHome_2024,Sponsored Brands,Homepage,877.9176478272577,171223,1573,3602.714467274515,0.009186849897502089,0.5581167500491149,4.103704346519069,0.04998391921800305,2025-11-22 14:39:09.503024,2025-11-22 14:39:09.503025,,,,,,,,
2eb50a81-65ff-4804-9ba6-176092540080,1,2,1,2024-11-08,Holiday_SmartHome_2024,Sponsored Brands,Homepage,983.0347184784341,128219,2447,2741.049162596279,0.019084535053307233,0.40173057559396574,2.788354379628569,0.0785200305511114,2025-11-22 14:39:09.503028,2025-11-22 14:39:09.503028,,,,,,,,
498fa78a-f76a-491b-8b68-143c6a26088d,1,2,1,2024-11-09,Holiday_SmartHome_2024,Sponsored Brands,Homepage,260.7110345552173,50677,455,722.4319369699635,0.008978432030309609,0.5729912847367413,2.771006368036778,0.05172818792823222,2025-11-22 14:39:09.503031,2025-11-22 14:39:09.503031,,,,,,,,
1fe7d37b-3032-47a8-84f2-ce14e984ab6f,1,2,1,2024-11-10,Holiday_SmartHome_2024,Sponsored Brands,Homepage,755.6905545874339,73340,1033,2855.42032544466,0.014085083174256885,0.7315494236083581,3.7785576491736954,0.04925977166723636,2025-11-22 14:39:09.503034,2025-11-22 14:39:09.503035,,,,,,,,
f92aea2f-e677-49f4-8619-21e982578eac,1,2,1,2024-11-11,Holiday_SmartHome_2024,Sponsored Brands,Homepage,618.9292391469396,54594,853,1549.9400517199542,0.015624427592775762,0.7255911361628835,2.5042281955465735,0.07627875827495414,2025-11-22 14:39:09.503038,2025-11-22 14:39:09.503038,,,,,,,,
f8d9fd86-ce47-4ca8-8914-2e64c944e5ba,1,2,1,2024-11-12,Holiday_SmartHome_2024,Sponsored Brands,Homepage,584.6067973835127,92317,1489,2441.6519489854586,0.01612920697163036,0.3926170566712644,4.176571261082499,0.04821107358906321,2025-11-22 14:39:09.503041,2025-11-22 14:39:09.503041,,,,,,,,
2acce51a-77d8-417a-9c12-41e79de074f3,1,2,1,2024-11-13,Holiday_SmartHome_2024,Sponsored Brands,Homepage,162.97643001367916,24387,242,535.3432029268297,0.009923319801533603,0.6734563223705751,3.2847891126458992,0.07240076397531678,2025-11-22 14:39:09.503045,2025-11-22 14:39:09.503045,,,,,,,,
bd8c8d73-430a-4a4c-ba22-7e8cbff7fdc4,1,2,1,2024-11-14,Holiday_SmartHome_2024,Sponsored Brands,Homepage,747.7788367125552,71075,685,2632.916027103725,0.00963770664790714,1.0916479368066498,3.520982271548042,0.050120019352886236,2025-11-22 14:39:09.503048,2025-11-22 14:39:09.503048,,,,,,,,
e6bdcb92-d09d-4fd6-856d-0f38f0d725f5,1,2,1,2024-11-15,Holiday_SmartHome_2024,Sponsored Brands,Homepage,366.0896822733523,25294,285,1775.8677992809205,0.011267494267415197,1.2845252009591308,4.850909176825457,0.06386589726363665,2025-11-22 14:39:09.503051,2025-11-22 14:39:09.503051,,,,,,,,
6a2ad25b-bbd3-4812-b884-f826105080a1,1,2,1,2024-11-16,Holiday_SmartHome_2024,Sponsored Brands,Homepage,912.5249911593244,129877,1235,3531.3284793296057,0.009508996974060073,0.7388866325176715,3.8698430328392455,0.030020296984864376,2025-11-22 14:39:09.503054,2025-11-22 14:39:09.503055,,,,,,,,
7cc6922c-b34a-483e-8fb5-27cdcedc88a5,1,2,1,2024-11-17,Holiday_SmartHome_2024,Sponsored Brands,Homepage,358.2223451820345,41010,561,1481.8813227720384,0.013679590343818581,0.6385425047808101,4.136764059257679,0.053249409512350715,2025-11-22 14:39:09.503057,2025-11-22 14:39:09.503058,,,,,,,,
a07ac82f-200e-4b84-89ad-938074f89a78,1,2,1,2024-11-18,Holiday_SmartHome_2024,Sponsored Brands,Homepage,497.94381937432667,40858,494,2366.7031043353936,0.012090655440794948,1.0079834400290013,4.752952064570636,0.06980123800633901,2025-11-22 14:39:09.503062,2025-11-22 14:39:09.503062,,,,,,,,
2e42115c-6b6f-4f2b-9f0e-c691cad51205,1,2,1,2024-11-19,Holiday_SmartHome_2024,Sponsored Brands,Homepage,252.72225657824927,15850,201,1031.7012448198734,0.012681388012618297,1.2573246595932799,4.082352139414489,0.04675941277049005,2025-11-22 14:39:09.503065,2025-11-22 14:39:09.503065,,,,,,,,
97063324-9e73-43d0-9c5b-cd42e00a59a4,1,2,1,2024-11-20,Holiday_SmartHome_2024,Sponsored Brands,Homepage,836.5811180829978,136087,2053,2561.2781440247963,0.015085937672224386,0.40749202049829414,3.061601664993221,0.03995649663632883,2025-11-22 14:39:09.503068,2025-11-22 14:39:09.503068,,,,,,,,
a363de9f-c6ed-4a43-b7d0-0e37364abed4,1,2,1,2024-11-21,Holiday_SmartHome_2024,Sponsored Brands,Homepage,121.9828489541437,10579,128,564.0906845204868,0.012099442291331884,0.9529910074542477,4.62434423656183,0.03364141145922846,2025-11-22 14:39:09.503071,2025-11-22 14:39:09.503072,,,,,,,,
8c4e1d9b-1d52-43a2-bd5f-9353e6029b96,1,2,1,2024-11-22,Holiday_SmartHome_2024,Sponsored Brands,Homepage,472.99690989794743,68331,540,2005.9257964356439,0.007902708872985907,0.8759202035147174,4.240885626226262,0.05471885845052185,2025-11-22 14:39:09.503075,2025-11-22 14:39:09.503075,,,,,,,,
b7960a53-1d06-43b4-a5f4-9b8857d6c65c,1,2,1,2024-11-23,Holiday_SmartHome_2024,Sponsored Brands,Homepage,319.585995620595,47429,241,1398.9593138910216,0.005081279386029644,1.3260829693800622,4.377411191546182,0.06850230942870125,2025-11-22 14:39:09.503078,2025-11-22 14:39:09.503078,,,,,,,,
9debb6b7-e78d-4c57-aad8-3427b49a36b3,1,2,1,2024-11-24,Holiday_SmartHome_2024,Sponsored Brands,Homepage,195.92856690718503,22291,170,959.0537017919078,0.00762639630344085,1.1525209818069708,4.89491510569885,0.05589788752218704,2025-11-22 14:39:09.503081,2025-11-22 14:39:09.503081,,,,,,,,
15a8539f-dd9a-426d-94e3-619523adb988,1,2,1,2024-11-25,Holiday_SmartHome_2024,Sponsored Brands,Homepage,145.19654662657683,12687,224,528.6830683792728,0.017655868211555136,0.6481988688686465,3.641154563675431,0.07007083008611323,2025-11-22 14:39:09.503085,2025-11-22 14:39:09.503085,,,,,,,,
3ff60cea-cea8-4e3c-b058-9efc5c0a6a2d,1,2,1,2024-11-26,Holiday_SmartHome_2024,Sponsored Brands,Homepage,700.8199593277178,138891,1934,3416.566697691428,0.013924588346257137,0.36236812788403194,4.875099021107889,0.07457129629052185,2025-11-22 14:39:09.503088,2025-11-22 14:39:09.503088,,,,,,,,
428dbbea-e0c1-48bc-bbeb-872e49c1e161,1,2,1,2024-11-27,Holiday_SmartHome_2024,Sponsored Brands,Homepage,651.3870904855866,102848,1292,2981.022813493621,0.012562227753578096,0.5041695746792466,4.576422924303538,0.05739359753054142,2025-11-22 14:39:09.503092,2025-11-22 14:39:09.503092,,,,,,,,
e705f499-b1af-4480-bf24-76b567551051,1,2,1,2024-11-28,Holiday_SmartHome_2024,Sponsored Brands,Homepage,907.487292909936,146603,1776,2856.7508239289773,0.012114349638138374,0.5109725748366757,3.1479788711625485,0.042361986875482975,2025-11-22 14:39:09.503095,2025-11-22 14:39:09.503096,,,,,,,,
67572bdb-cf61-4f49-a06d-5440333e56fd,1,2,1,2024-11-29,Holiday_SmartHome_2024,Sponsored Brands,Homepage,673.8952930985406,111106,1424,2740.6452868435763,0.012816589563119903,0.47324107661414366,4.066871092454454,0.04372987234587691,2025-11-22 14:39:09.503099,2025-11-22 14:39:09.503099,,,,,,,,
8e5826f6-044c-4899-9260-c5fe82e57433,1,2,1,2024-11-30,Holiday_SmartHome_2024,Sponsored Brands,Homepage,169.73501847826225,15761,143,560.0023199537453,0.009073028361144597,1.186958171176659,3.2992739210469058,0.05700761112592282,2025-11-22 14:39:09.503102,2025-11-22 14:39:09.503102,,,,,,,,
89653503-e0eb-4d8f-95b1-4b85acb5fcca,1,2,1,2024-12-01,Holiday_SmartHome_2024,Sponsored Brands,Homepage,224.53665536454014,19015,293,957.8841168153102,0.015408887720220879,0.7663367077288059,4.266047854236381,0.0332114425356939,2025-11-22 14:39:09.503105,2025-11-22 14:39:09.503106,,,,,,,,
6c0b66b8-a1b0-48d5-89db-e14ec4272498,1,2,1,2024-12-02,Holiday_SmartHome_2024,Sponsored Brands,Homepage,466.83943269992807,61338,689,1408.4947044091784,0.01123284097949069,0.6775608602321163,3.017085973786026,0.05100717588867128,2025-11-22 14:39:09.503109,2025-11-22 14:39:09.503109,,,,,,,,
fb82b3e4-aee5-41b0-a915-95aff2002865,1,2,1,2024-12-03,Holiday_SmartHome_2024,Sponsored Brands,Homepage,914.3546305061592,125826,1941,4244.2788283655345,0.015426064565352154,0.47107399819997897,4.641830080759836,0.06827972880590347,2025-11-22 14:39:09.503112,2025-11-22 14:39:09.503112,,,,,,,,
ee65d682-802c-4be0-9e13-5f36cc47723e,1,2,1,2024-12-04,Holiday_SmartHome_2024,Sponsored Brands,Homepage,442.3429260349405,22508,231,1939.0932938706296,0.010263017593744447,1.9149044417096992,4.383687812648464,0.07267239752845522,2025-11-22 14:39:09.503115,2025-11-22 14:39:09.503115,,,,,,,,
e04ef3b4-7acc-451d-8bb5-795cabf36091,1,2,1,2024-12-05,Holiday_SmartHome_2024,Sponsored Brands,Homepage,958.0873046230956,108123,1752,3703.3243430589378,0.01620376793096751,0.546853484373913,3.8653307743345975,0.06016262944706206,2025-11-22 14:39:09.503118,2025-11-22 14:39:09.503119,,,,,,,,
0c59926f-dea5-42de-8944-a782601c2b21,1,2,1,2024-12-06,Holiday_SmartHome_2024,Sponsored Brands,Homepage,298.48482489143703,24748,285,767.8707329768446,0.011516082107645062,1.0473151750576737,2.572562049866788,0.04680647718491912,2025-11-22 14:39:09.503122,2025-11-22 14:39:09.503122,,,,,,,,
520bf385-1fc9-4de3-889b-b6d77d50dd7e,1,2,1,2024-12-07,Holiday_SmartHome_2024,Sponsored Brands,Homepage,711.2276965255147,78695,588,2609.1212893568177,0.00747188512611983,1.2095709124583585,3.6684753730807746,0.036381389864058034,2025-11-22 14:39:09.503125,2025-11-22 14:39:09.503125,,,,,,,,
d03649a8-498a-4aa1-b7f6-bca80bc38c4f,1,2,1,2024-12-08,Holiday_SmartHome_2024,Sponsored Brands,Homepage,660.0312648766583,35671,389,2581.3690482968636,0.010905217123153262,1.6967384701199442,3.9109799575619357,0.03135510231701562,2025-11-22 14:39:09.503129,2025-11-22 14:39:09.503129,,,,,,,,
3bf64e49-7b15-43f6-a068-3d008b04393f,1,2,1,2024-12-09,Holiday_SmartHome_2024,Sponsored Brands,Homepage,678.4746832084022,47734,569,1781.4788349621235,0.011920224577869024,1.1923983887669634,2.6257115837215688,0.04895519320940698,2025-11-22 14:39:09.503132,2025-11-22 14:39:09.503132,,,,,,,,
1505b701-4d9a-4bb2-bbfa-e2841d993946,1,2,1,2024-12-10,Holiday_SmartHome_2024,Sponsored Brands,Homepage,290.49425579033334,28766,472,1001.5706090781065,0.016408259751095042,0.6154539317591808,3.4478155389103406,0.06760049117773925,2025-11-22 14:39:09.503135,2025-11-22 14:39:09.503136,,,,,,,,
6eca7908-49d1-46d4-8b45-65b1ed76d4bd,1,2,1,2024-12-11,Holiday_SmartHome_2024,Sponsored Brands,Homepage,848.7318566397454,74553,464,2162.957674613705,0.006223760277923088,1.8291634841373823,2.5484582176250266,0.056970952396126685,2025-11-22 14:39:09.503139,2025-11-22 14:39:09.503139,,,,,,,,
b4c8c000-4d7c-44df-8ca6-284e2c7a01fa,1,2,1,2024-12-12,Holiday_SmartHome_2024,Sponsored Brands,Homepage,999.9170456582883,102485,1511,4452.713221489574,0.014743621017709908,0.6617584683377157,4.453082624027237,0.06258773276219448,2025-11-22 14:39:09.503142,2025-11-22 14:39:09.503142,,,,,,,,
488a546c-839c-4515-a399-f72818663549,1,2,1,2024-12-13,Holiday_SmartHome_2024,Sponsored Brands,Homepage,778.8098836535736,149875,1197,1986.7051064291986,0.007986655546288574,0.6506348234365694,2.5509500433008307,0.037619117289239515,2025-11-22 14:39:09.503145,2025-11-22 14:39:09.503145,,,,,,,,
969a8980-1673-4cd4-aa8a-1c24dfd8b37b,1,2,1,2024-12-14,Holiday_SmartHome_2024,Sponsored Brands,Homepage,213.59887738678563,32129,432,650.3896465863523,0.013445796632325936,0.49444184580274453,3.044911352266259,0.06497324856230755,2025-11-22 14:39:09.503149,2025-11-22 14:39:09.503149,,,,,,,,
7bd74138-cef2-41fa-8bf4-3183164b503d,1,2,1,2024-12-15,Holiday_SmartHome_2024,Sponsored Brands,Homepage,790.2082885206167,59398,838,3453.0633447321743,0.014108219131957304,0.9429693180436954,4.369814129888215,0.03572664356894488,2025-11-22 14:39:09.503152,2025-11-22 14:39:09.503152,,,,,,,,
eee5931c-1145-46dd-b7db-95d633062b6c,1,2,1,2024-12-16,Holiday_SmartHome_2024,Sponsored Brands,Homepage,837.3710568799765,163042,1079,2147.1835679445085,0.0066179266692018,0.7760621472474296,2.564196063743665,0.04559786221973476,2025-11-22 14:39:09.503155,2025-11-22 14:39:09.503155,,,,,,,,
bdab36cd-df87-487c-99a0-dfef45baa366,1,2,1,2024-12-17,Holiday_SmartHome_2024,Sponsored Brands,Homepage,709.6125581653679,137470,1505,3042.489930353443,0.010947843165781625,0.47150336090722117,4.287536762623671,0.033799823892153,2025-11-22 14:39:09.503158,2025-11-22 14:39:09.503159,,,,,,,,
c1d216d1-0022-4a5b-ba2b-ccfb6791fe99,1,2,1,2024-12-18,Holiday_SmartHome_2024,Sponsored Brands,Homepage,721.5529743396824,103965,678,3197.34713624197,0.006521425479728755,1.0642374252797675,4.43120221237806,0.07251466195443981,2025-11-22 14:39:09.503161,2025-11-22 14:39:09.503162,,,,,,,,
6e38704b-67cb-4670-9564-b9dc9833ee4a,1,2,1,2024-12-19,Holiday_SmartHome_2024,Sponsored Brands,Homepage,640.3704533351597,43646,862,2853.867512201214,0.01974980525134033,0.7428891570013454,4.456588365902549,0.047360188265422445,2025-11-22 14:39:09.503165,2025-11-22 14:39:09.503165,,,,,,,,
ea904fe9-8fab-4ca3-a425-7a9dafb1ad0e,1,2,1,2024-12-20,Holiday_SmartHome_2024,Sponsored Brands,Homepage,485.54021191127,51266,645,1628.0541721603727,0.012581437990090899,0.7527755223430542,3.3530779371532082,0.07247878134997887,2025-11-22 14:39:09.503168,2025-11-22 14:39:09.503168,,,,,,,,
71813364-245c-48bc-9e23-e99d8e5935c8,1,2,1,2024-12-21,Holiday_SmartHome_2024,Sponsored Brands,Homepage,840.0978262810523,55304,1073,3435.128730833723,0.019401851583972226,0.7829429881463675,4.088962765253615,0.07143536555012292,2025-11-22 14:39:09.503171,2025-11-22 14:39:09.503171,,,,,,,,
d50568a2-a58c-4a4b-ad1e-8ff5abecc032,1,2,1,2024-12-22,Holiday_SmartHome_2024,Sponsored Brands,Homepage,736.5777793354692,84944,1359,3619.310690743855,0.01599877566396685,0.5419998376272769,4.913684328095194,0.04350411981937004,2025-11-22 14:39:09.503174,2025-11-22 14:39:09.503174,,,,,,,,
414b68f4-9230-4766-86de-d1ddd20d0550,1,2,1,2024-12-23,Holiday_SmartHome_2024,Sponsored Brands,Homepage,827.3792969260803,108159,1325,2969.411536766441,0.012250483085087695,0.6244372052272305,3.588936232509736,0.0665513107152561,2025-11-22 14:39:09.503177,2025-11-22 14:39:09.503178,,,,,,,,
0affac0b-ac93-406c-9d25-58370a8a3847,1,2,1,2024-12-24,Holiday_SmartHome_2024,Sponsored Brands,Homepage,341.5559842443028,60713,1060,927.8905392179308,0.01745919325350419,0.32222262664556867,2.716657245139186,0.07408155920013859,2025-11-22 14:39:09.503181,2025-11-22 14:39:09.503181,,,,,,,,
d491c9bd-5340-465d-a090-f3b3ec9d4e8e,1,2,1,2024-12-25,Holiday_SmartHome_2024,Sponsored Brands,Homepage,319.4770952718604,38243,541,1101.3887432346546,0.014146379729623721,0.5905306751790396,3.44747326032066,0.031434999888504477,2025-11-22 14:39:09.503184,2025-11-22 14:39:09.503184,,,,,,,,
b0abb548-eb51-4b4e-b83a-4b0339375728,1,2,1,2024-12-26,Holiday_SmartHome_2024,Sponsored Brands,Homepage,865.8575526812132,66909,547,3891.6668115356824,0.008175282846851694,1.5829205716292745,4.494580892070241,0.047016942158214184,2025-11-22 14:39:09.503187,2025-11-22 14:39:09.503187,,,,,,,,
6ee4739e-5678-4343-91be-471af267d2e5,1,2,1,2024-12-27,Holiday_SmartHome_2024,Sponsored Brands,Homepage,892.2879817824029,138463,1266,2253.364247994331,0.009143236821389107,0.7048088323715662,2.5253777860966933,0.07740312888885156,2025-11-22 14:39:09.503190,2025-11-22 14:39:09.503191,,,,,,,,
2bcee6bd-7a99-4346-8e82-3f55b010f016,1,2,1,2024-12-28,Holiday_SmartHome_2024,Sponsored Brands,Homepage,177.05166576221913,27976,344,778.2149514583136,0.012296253931941665,0.5146850748901719,4.395411633706166,0.06453046697232614,2025-11-22 14:39:09.503194,2025-11-22 14:39:09.503194,,,,,,,,
da012a38-911b-41f6-9745-6b1931482da6,1,2,1,2024-12-29,Holiday_SmartHome_2024,Sponsored Brands,Homepage,681.312609766857,84226,1422,1861.7775772020264,0.016883147721606154,0.4791227916785211,2.732633376386679,0.04107982002362651,2025-11-22 14:39:09.503197,2025-11-22 14:39:09.503197,,,,,,,,
d561552a-ca0e-44eb-8e7e-46d6d9105f79,1,2,1,2024-12-30,Holiday_SmartHome_2024,Sponsored Brands,Homepage,722.6084397656816,69320,951,2661.476157877364,0.013718984420080784,0.759840630668435,3.683151221898812,0.056546096557288386,2025-11-22 14:39:09.503200,2025-11-22 14:39:09.503200,,,,,,,,
2cacf438-acfc-4239-bf42-4b696ddeafb8,1,2,1,2024-12-31,Holiday_SmartHome_2024,Sponsored Brands,Homepage,482.9534314346933,78185,778,2055.9990939103586,0.00995075781799578,0.6207627653402228,4.2571373554644225,0.04354582134880981,2025-11-22 14:39:09.503203,2025-11-22 14:39:09.503203,,,,,,,,
3a2e1f9a-3f7c-49a6-83f2-072a5b5863d2,1,3,2,2025-01-15,Q1_Fitness_Launch_2025,Display,Category,326.26330858084737,22218,175,913.1740850481201,0.007876496534341524,1.8643617633191278,2.798886853137632,0.056793198269187495,2025-11-22 14:39:09.503207,2025-11-22 14:39:09.503207,,,,,,,,
fc53ea4f-72d7-47e7-98d2-123429a9b1de,1,3,2,2025-01-16,Q1_Fitness_Launch_2025,Display,Category,785.9706485356927,61126,504,2916.3413153683287,0.008245263881163499,1.5594655724914537,3.7104964680317716,0.06622925005465258,2025-11-22 14:39:09.503210,2025-11-22 14:39:09.503210,,,,,,,,
8a27d20e-f347-43f3-be59-aa20c078a405,1,3,2,2025-01-17,Q1_Fitness_Launch_2025,Display,Category,978.9463205947511,125986,1164,2693.3899605848524,0.009239121807184926,0.8410191757686866,2.7513152702269768,0.03970587890455367,2025-11-22 14:39:09.503213,2025-11-22 14:39:09.503214,,,,,,,,
bf682524-074c-48d3-9550-b0c6dcb30f67,1,3,2,2025-01-18,Q1_Fitness_Launch_2025,Display,Category,304.73484713429923,23439,122,1168.7610547783647,0.005205000213319681,2.497826615854912,3.8353377231691583,0.04371556633916336,2025-11-22 14:39:09.503217,2025-11-22 14:39:09.503217,,,,,,,,
b980c3f5-ad52-4f91-ba7d-f0d5a9e2e3c4,1,3,2,2025-01-19,Q1_Fitness_Launch_2025,Display,Category,976.8654379924641,129926,2008,2750.5587754768662,0.015454951279959361,0.4864867719085976,2.8156987323960223,0.0734230598631472,2025-11-22 14:39:09.503220,2025-11-22 14:39:09.503220,,,,,,,,
f7264e9a-6098-44b8-97ba-7f5e5f8502ac,1,3,2,2025-01-20,Q1_Fitness_Launch_2025,Display,Category,541.790825071401,98014,1334,1990.2644578782426,0.013610300569306425,0.40614004877916116,3.6734923623262756,0.052023439906800514,2025-11-22 14:39:09.503223,2025-11-22 14:39:09.503223,,,,,,,,
d9eec3c7-9657-43b9-8f36-e51313ef04b0,1,3,2,2025-01-21,Q1_Fitness_Launch_2025,Display,Category,265.92730335107353,15345,293,982.4213446318447,0.019094167481264256,0.9076017179217527,3.694322968164219,0.07110578226497152,2025-11-22 14:39:09.503226,2025-11-22 14:39:09.503227,,,,,,,,
a62b0525-861b-4fa6-932b-2e92bec54b0e,1,3,2,2025-01-22,Q1_Fitness_Launch_2025,Display,Category,460.6366980267458,28150,406,1213.327512482822,0.014422735346358791,1.1345731478491277,2.634022685731333,0.037459879223682754,2025-11-22 14:39:09.503230,2025-11-22 14:39:09.503230,,,,,,,,
5a4e183a-ba9b-40f7-b71b-820bd62b3666,1,3,2,2025-01-23,Q1_Fitness_Launch_2025,Display,Category,606.5556373761078,57971,1154,1696.0077504786914,0.019906504976626244,0.5256114708631784,2.796128905528654,0.06822217226630972,2025-11-22 14:39:09.503233,2025-11-22 14:39:09.503233,,,,,,,,
460a7253-d136-4f2e-bfb4-6660524122b5,1,3,2,2025-01-24,Q1_Fitness_Launch_2025,Display,Category,645.6858861186665,108869,912,2457.758991313748,0.008377040296135722,0.707988910217836,3.8064313378255448,0.052525723244437716,2025-11-22 14:39:09.503236,2025-11-22 14:39:09.503236,,,,,,,,
7da5f32a-a2d2-403b-86db-0bc791c3fc55,1,3,2,2025-01-25,Q1_Fitness_Launch_2025,Display,Category,498.4489036173955,89234,1771,1626.6633789619825,0.019846695205863237,0.2814505384626739,3.263450610798401,0.06105136605360743,2025-11-22 14:39:09.503239,2025-11-22 14:39:09.503239,,,,,,,,
e047cd49-8302-4554-a83e-1bc504f02167,1,3,2,2025-01-26,Q1_Fitness_Launch_2025,Display,Category,648.6678210206173,104444,2006,1958.632872814044,0.01920646470836046,0.3233638190531492,3.0194697645588784,0.040551259765269645,2025-11-22 14:39:09.503242,2025-11-22 14:39:09.503243,,,,,,,,
971650d8-18a7-4102-8121-3734a50cf64d,1,3,2,2025-01-27,Q1_Fitness_Launch_2025,Display,Category,694.385323472833,51077,388,1866.2731668655408,0.007596374101846232,1.7896528955485387,2.68766217225292,0.030133786130144287,2025-11-22 14:39:09.503246,2025-11-22 14:39:09.503246,,,,,,,,
ef5fa967-d7a0-4243-bfbe-8275fe5aea85,1,3,2,2025-01-28,Q1_Fitness_Launch_2025,Display,Category,505.45333415593217,70294,658,1556.13442172534,0.00936068512248556,0.7681661613312039,3.0786905863900644,0.06534779149395167,2025-11-22 14:39:09.503249,2025-11-22 14:39:09.503249,,,,,,,,
0742d1d9-81ab-47ab-8210-4b571fb85112,1,3,2,2025-01-29,Q1_Fitness_Launch_2025,Display,Category,732.6888022843455,86533,1324,3524.0701972088564,0.015300521188448338,0.5533903340516204,4.809777611206371,0.06939140133233657,2025-11-22 14:39:09.503252,2025-11-22 14:39:09.503252,,,,,,,,
098533bb-c23d-4a89-8870-f9f02d8323f9,1,3,2,2025-01-30,Q1_Fitness_Launch_2025,Display,Category,662.5522064477997,98837,1878,2360.5724162177034,0.019000981413842995,0.35279670204888164,3.562847415260529,0.057228118935528934,2025-11-22 14:39:09.503255,2025-11-22 14:39:09.503256,,,,,,,,
82c97b6e-4f16-424c-bfec-b8c1bc3fbd4e,1,3,2,2025-01-31,Q1_Fitness_Launch_2025,Display,Category,682.8712510622327,127192,2213,1829.0874392352812,0.01739889301213913,0.30857263943164603,2.6785245921395355,0.03829613946103623,2025-11-22 14:39:09.503259,2025-11-22 14:39:09.503259,,,,,,,,
a557c1b1-e16c-47a4-ad02-ea791c1fe6c6,1,3,2,2025-02-01,Q1_Fitness_Launch_2025,Display,Category,376.8506313528093,61179,828,1214.0342844274285,0.013534055803461972,0.45513361274493874,3.221526470764604,0.03621768290873541,2025-11-22 14:39:09.503262,2025-11-22 14:39:09.503262,,,,,,,,
80a2d7b2-0d1e-43b0-8f92-a5a62e0226de,1,3,2,2025-02-02,Q1_Fitness_Launch_2025,Display,Category,719.8101920908844,111541,2134,2700.1379150957036,0.019131978375664552,0.3373056195364969,3.751180442794814,0.05468976096725421,2025-11-22 14:39:09.503265,2025-11-22 14:39:09.503265,,,,,,,,
a9396e4f-3aef-4c13-992f-f73ec4153e1b,1,3,2,2025-02-03,Q1_Fitness_Launch_2025,Display,Category,172.39766670937087,9650,110,569.9128890260295,0.011398963730569948,1.567251515539735,3.3058039583957504,0.0425183951206002,2025-11-22 14:39:09.503269,2025-11-22 14:39:09.503269,,,,,,,,
c5c2411d-76e6-4c5d-b90d-95903fdd9627,1,3,2,2025-02-04,Q1_Fitness_Launch_2025,Display,Category,182.19419796788668,35397,620,717.4803458601369,0.017515608667401192,0.2938616096256237,3.937997773049826,0.07753931389031762,2025-11-22 14:39:09.503272,2025-11-22 14:39:09.503272,,,,,,,,
84d95e77-518c-42a3-a940-8ed9246b1adc,1,3,2,2025-02-05,Q1_Fitness_Launch_2025,Display,Category,999.6151751897062,150784,1363,2599.5784154708417,0.009039420628183362,0.733393378715852,2.6005791828615403,0.06781344152062785,2025-11-22 14:39:09.503275,2025-11-22 14:39:09.503276,,,,,,,,
4acfcb16-bf2e-4b5e-812b-4ff5d9bdff2f,1,3,2,2025-02-06,Q1_Fitness_Launch_2025,Display,Category,523.4507409264702,77327,1449,1546.1284237763218,0.018738603592535596,0.3612496486725122,2.953722868057815,0.05926648126389272,2025-11-22 14:39:09.503279,2025-11-22 14:39:09.503279,,,,,,,,
22a3addc-9d97-4903-8e2e-65753ec2677b,1,3,2,2025-02-07,Q1_Fitness_Launch_2025,Display,Category,671.3062475086782,83080,529,2262.23669622249,0.006367356764564275,1.2690099196761402,3.3699026407366266,0.046665419683254605,2025-11-22 14:39:09.503282,2025-11-22 14:39:09.503282,,,,,,,,
82f8b903-9ad7-42c1-9194-cfd37e3fd9bb,1,3,2,2025-02-08,Q1_Fitness_Launch_2025,Display,Category,703.1201585690669,125619,1249,2977.1402555387126,0.009942763435467565,0.5629464840424875,4.234184184958581,0.04441088976807279,2025-11-22 14:39:09.503285,2025-11-22 14:39:09.503285,,,,,,,,
7d938aae-e700-4457-a8fa-41f5f978b797,1,3,2,2025-02-09,Q1_Fitness_Launch_2025,Display,Category,950.6741856068895,163549,2167,3457.6635896493804,0.013249851726393924,0.43870520794041973,3.637064771504323,0.0457258578585084,2025-11-22 14:39:09.503288,2025-11-22 14:39:09.503288,,,,,,,,
96aa7781-4cf0-4a68-8a54-879034761927,1,3,2,2025-02-10,Q1_Fitness_Launch_2025,Display,Category,390.9464076483952,76440,845,1480.3149097144649,0.011054421768707483,0.46265847058981685,3.7864906308227626,0.0794059607390877,2025-11-22 14:39:09.503291,2025-11-22 14:39:09.503292,,,,,,,,
8e0c6f52-63bf-4696-8d33-715c387648a6,1,3,2,2025-02-11,Q1_Fitness_Launch_2025,Display,Category,691.894347834816,90907,1018,2054.2041199454493,0.011198257559923878,0.6796604595626876,2.968956353486318,0.04808896795758376,2025-11-22 14:39:09.503295,2025-11-22 14:39:09.503295,,,,,,,,
d51a0b09-e516-4c69-904b-a1326d8e70c5,1,3,2,2025-02-12,Q1_Fitness_Launch_2025,Display,Category,780.7988386500164,112287,1841,2349.3421868788837,0.016395486565675455,0.4241166967137514,3.0088955958756847,0.057460981954266584,2025-11-22 14:39:09.503298,2025-11-22 14:39:09.503298,,,,,,,,
233f31a1-21da-43bc-b2b4-f81d0bb4bec0,1,3,2,2025-02-13,Q1_Fitness_Launch_2025,Display,Category,934.905484760003,108184,1674,2621.068490221604,0.015473637506470458,0.5584859526642789,2.8035652084065497,0.07865734079108472,2025-11-22 14:39:09.503301,2025-11-22 14:39:09.503301,,,,,,,,
c43719b9-97f1-4d68-9925-69d3d797fb72,1,3,2,2025-02-14,Q1_Fitness_Launch_2025,Display,Category,647.9845003737685,55658,410,2512.299097781941,0.007366416328290632,1.5804500009116305,3.877097517506675,0.057612570452686654,2025-11-22 14:39:09.503304,2025-11-22 14:39:09.503304,,,,,,,,
a3113e10-c222-457d-83cd-dc9bef4168d6,1,3,2,2025-02-15,Q1_Fitness_Launch_2025,Display,Category,183.8882811533703,36564,683,671.8578531393727,0.018679575538781315,0.2692361363885363,3.6536197354469584,0.03587330745447788,2025-11-22 14:39:09.503307,2025-11-22 14:39:09.503307,,,,,,,,
7adf1817-977c-41f7-ad90-286eda8e70a8,1,3,2,2025-02-16,Q1_Fitness_Launch_2025,Display,Category,848.9288563920111,105909,1667,3202.312485487175,0.01573992767375766,0.5092554627426581,3.7721800376737793,0.04367124483566371,2025-11-22 14:39:09.503310,2025-11-22 14:39:09.503311,,,,,,,,
73473d1c-8255-4ed4-834b-a73f9d64b041,1,3,2,2025-02-17,Q1_Fitness_Launch_2025,Display,Category,851.251551019025,167727,1451,3301.2920068403673,0.00865096257609091,0.5866654383315127,3.8781626922011743,0.0491793006623575,2025-11-22 14:39:09.503314,2025-11-22 14:39:09.503314,,,,,,,,
d5667994-e724-40c1-b768-55171a8ce45f,1,3,2,2025-02-18,Q1_Fitness_Launch_2025,Display,Category,929.6813349384057,117359,2134,4332.3776219017855,0.018183522354484956,0.43565198450721915,4.660067336071471,0.04381237014110205,2025-11-22 14:39:09.503317,2025-11-22 14:39:09.503317,,,,,,,,
53b5e46c-f2de-4710-8e62-5b585e12a6f6,1,3,2,2025-02-19,Q1_Fitness_Launch_2025,Display,Category,811.0055638028022,91028,1730,3056.959109591842,0.019005141275212023,0.468789343238614,3.769344189524141,0.07102747365927892,2025-11-22 14:39:09.503320,2025-11-22 14:39:09.503320,,,,,,,,
9e39bc21-1199-4c82-b1dc-b8d805adf368,1,3,2,2025-02-20,Q1_Fitness_Launch_2025,Display,Category,354.555084954544,33605,463,1771.8024664349107,0.013777711650052076,0.7657777212841123,4.997255833073346,0.05448201733278505,2025-11-22 14:39:09.503323,2025-11-22 14:39:09.503323,,,,,,,,
232b7ef7-8cf0-4fca-9cd6-23564c6ae208,1,3,2,2025-02-21,Q1_Fitness_Launch_2025,Display,Category,233.7358765445102,30569,311,906.8469445093456,0.01017370538781118,0.7515623040016405,3.8797935426770276,0.05717150314793365,2025-11-22 14:39:09.503326,2025-11-22 14:39:09.503326,,,,,,,,
4fd8e512-c43f-4b50-b888-8d519db80f9d,1,3,2,2025-02-22,Q1_Fitness_Launch_2025,Display,Category,509.81015517985094,50097,392,2163.504842006991,0.007824819849491986,1.300536110152681,4.243746069051428,0.05858988209924505,2025-11-22 14:39:09.503329,2025-11-22 14:39:09.503330,,,,,,,,
07c27292-b9bd-45b3-85ca-2594bb40a6a9,1,3,2,2025-02-23,Q1_Fitness_Launch_2025,Display,Category,310.2062014521038,51597,291,1353.045894302391,0.005639862782719925,1.0660006922752707,4.361762878912989,0.06526139405125013,2025-11-22 14:39:09.503333,2025-11-22 14:39:09.503333,,,,,,,,
be0b356f-bc3e-48b6-887b-2079100563aa,1,3,2,2025-02-24,Q1_Fitness_Launch_2025,Display,Category,830.2680123083892,89595,1339,3779.271126683146,0.014945030414643675,0.6200657298793049,4.551868879273888,0.07904090693298926,2025-11-22 14:39:09.503336,2025-11-22 14:39:09.503336,,,,,,,,
a89ea851-194a-404e-9748-f5fe4da63b56,1,3,2,2025-02-25,Q1_Fitness_Launch_2025,Display,Category,545.7957846547812,30320,380,2169.78443789423,0.012532981530343008,1.4363046964599504,3.9754510732739177,0.07348501566811078,2025-11-22 14:39:09.503339,2025-11-22 14:39:09.503339,,,,,,,,
cee5e1b7-5dc3-492b-8a07-c0b1e6160fff,1,3,2,2025-02-26,Q1_Fitness_Launch_2025,Display,Category,886.7713366488775,102906,1326,3229.905140006998,0.012885546032301324,0.668756664139425,3.6423201861856054,0.06612219137853213,2025-11-22 14:39:09.503342,2025-11-22 14:39:09.503343,,,,,,,,
965fbc0d-159d-42f9-bcfd-87ffe9950ccc,1,3,2,2025-02-27,Q1_Fitness_Launch_2025,Display,Category,468.98075777172795,69511,508,1722.9070389706287,0.007308195825121204,0.9231904680545826,3.6737265024618297,0.07846018152871087,2025-11-22 14:39:09.503345,2025-11-22 14:39:09.503346,,,,,,,,
7ba13ced-bd55-4d5b-bfc7-247c104c9a8e,1,3,2,2025-02-28,Q1_Fitness_Launch_2025,Display,Category,404.7051106462885,62286,918,1873.5471938293585,0.014738464502456411,0.4408552403554341,4.629413230876729,0.07261706682829466,2025-11-22 14:39:09.503349,2025-11-22 14:39:09.503349,,,,,,,,
79703084-5519-43ae-bdbe-e54f270a3753,1,3,2,2025-03-01,Q1_Fitness_Launch_2025,Display,Category,873.40796575144,93455,911,3752.853725163896,0.00974800706222246,0.9587354179488913,4.296793563057458,0.06797009046671817,2025-11-22 14:39:09.503352,2025-11-22 14:39:09.503352,,,,,,,,
ede25bd6-b16d-469b-ae35-bea720d908a0,1,3,2,2025-03-02,Q1_Fitness_Launch_2025,Display,Category,885.1447156586827,49023,295,3609.533886143321,0.006017583583216041,3.0004905615548565,4.077902542136601,0.07604645493901484,2025-11-22 14:39:09.503355,2025-11-22 14:39:09.503355,,,,,,,,
b7fed7fa-e520-4be8-b395-aacac0b67455,1,3,2,2025-03-03,Q1_Fitness_Launch_2025,Display,Category,997.6833306605938,161639,1860,2739.7459921780614,0.011507123899553945,0.5363888874519321,2.7461078159579952,0.06168739143903956,2025-11-22 14:39:09.503358,2025-11-22 14:39:09.503358,,,,,,,,
adf53998-c0ca-413f-abe0-5f290300d6a3,1,3,2,2025-03-04,Q1_Fitness_Launch_2025,Display,Category,885.3213093463817,103185,1590,4212.854707139862,0.015409216455880215,0.5568058549348313,4.758560155126215,0.03229954843386064,2025-11-22 14:39:09.503361,2025-11-22 14:39:09.503362,,,,,,,,
3423afd7-a743-4817-84da-14bae68d92c7,1,3,2,2025-03-05,Q1_Fitness_Launch_2025,Display,Category,816.5291186459906,76757,815,2338.477739074743,0.010617924098127857,1.0018762191975346,2.863924489248496,0.056558315907438,2025-11-22 14:39:09.503365,2025-11-22 14:39:09.503365,,,,,,,,
151d8e65-cf7d-41c5-8b82-dd7474081856,1,3,2,2025-03-06,Q1_Fitness_Launch_2025,Display,Category,609.3352557243431,102903,776,1643.6336396697013,0.007541082378550674,0.7852258450055968,2.6974208766499865,0.07354197993224273,2025-11-22 14:39:09.503368,2025-11-22 14:39:09.503368,,,,,,,,
cfd5dba3-918b-46e8-9513-acdc4af26e8a,1,3,2,2025-03-07,Q1_Fitness_Launch_2025,Display,Category,657.7393316836739,56647,1058,1879.6837131827274,0.018677070277331544,0.6216817879807881,2.8577943003212742,0.05305749566774988,2025-11-22 14:39:09.503371,2025-11-22 14:39:09.503371,,,,,,,,
ef6df995-88cf-4959-b127-20f88d0380a9,1,3,2,2025-03-08,Q1_Fitness_Launch_2025,Display,Category,328.57960547218806,29013,149,1482.414061136386,0.005135628856030056,2.205232251491195,4.511582692437866,0.07506047117994416,2025-11-22 14:39:09.503374,2025-11-22 14:39:09.503375,,,,,,,,
c6625553-c2a3-4390-b46d-927c75441f34,1,3,2,2025-03-09,Q1_Fitness_Launch_2025,Display,Category,709.8497971291715,52313,608,2387.873713837271,0.011622350085064898,1.1675161136992953,3.363914061107704,0.05937858525632107,2025-11-22 14:39:09.503378,2025-11-22 14:39:09.503378,,,,,,,,
75ff48bc-3310-479a-a5d1-aaee522b6135,1,3,2,2025-03-10,Q1_Fitness_Launch_2025,Display,Category,675.0448321240109,76716,671,3114.1571959141593,0.008746545701027165,1.0060280657585856,4.613259812856496,0.03996084995544462,2025-11-22 14:39:09.503381,2025-11-22 14:39:09.503381,,,,,,,,
616ff39f-dbeb-4867-b966-baf0f991f93e,1,3,2,2025-03-11,Q1_Fitness_Launch_2025,Display,Category,446.2239240706109,54654,467,1753.573780290966,0.008544662787719105,0.9555116147122289,3.929806730876847,0.05874059650893225,2025-11-22 14:39:09.503384,2025-11-22 14:39:09.503384,,,,,,,,
ac657c24-dd8d-4483-a3db-0ca5de191dc6,1,3,2,2025-03-12,Q1_Fitness_Launch_2025,Display,Category,993.4228392642078,93664,1842,4118.308429731087,0.019666040314314997,0.539317502314988,4.145574539821702,0.04372401900891139,2025-11-22 14:39:09.503387,2025-11-22 14:39:09.503387,,,,,,,,
1c03c407-a68e-48a5-b691-76fe852e0442,1,3,2,2025-03-13,Q1_Fitness_Launch_2025,Display,Category,609.3361152601291,93149,1506,1598.0513712595512,0.016167645385350354,0.4046056542231933,2.62261062694,0.060320324653823726,2025-11-22 14:39:09.503390,2025-11-22 14:39:09.503391,,,,,,,,
7840219a-86d8-439d-9a99-f170604462b7,1,3,2,2025-03-14,Q1_Fitness_Launch_2025,Display,Category,547.0545578714832,101546,943,2460.186568374682,0.009286431764914423,0.5801214823663661,4.497150298768997,0.060353249908213294,2025-11-22 14:39:09.503394,2025-11-22 14:39:09.503394,,,,,,,,
79dd72cf-b482-4e02-b887-5c4ec45234a9,1,3,2,2025-03-15,Q1_Fitness_Launch_2025,Display,Category,417.08886025178487,60683,868,1749.4421645454247,0.014303841273503287,0.48051712010574293,4.194411146558399,0.06604641883353546,2025-11-22 14:39:09.503397,2025-11-22 14:39:09.503397,,,,,,,,
632d20f0-2aa6-42ee-a583-9ca042c5a4eb,1,3,2,2025-03-16,Q1_Fitness_Launch_2025,Display,Category,693.2633862850784,121841,1757,3298.9002433829673,0.014420433187514877,0.39457221757830296,4.75850926018242,0.06231703044452614,2025-11-22 14:39:09.503400,2025-11-22 14:39:09.503400,,,,,,,,
d8356e0a-077e-4e51-b09f-81accab756b3,1,3,2,2025-03-17,Q1_Fitness_Launch_2025,Display,Category,378.0395955573725,43899,601,1637.251465079033,0.013690516868265792,0.6290176298791555,4.3308994198480955,0.03450666878731094,2025-11-22 14:39:09.503404,2025-11-22 14:39:09.503404,,,,,,,,
fdb1a6a5-aceb-4750-8a2f-3802b1f4c786,1,3,2,2025-03-18,Q1_Fitness_Launch_2025,Display,Category,365.59940646623977,59271,452,1034.7923752029053,0.007625989100909382,0.8088482443943358,2.830399494366959,0.05697038794922105,2025-11-22 14:39:09.503407,2025-11-22 14:39:09.503407,,,,,,,,
8b720529-395f-4164-9bc6-14a90636abd2,1,3,2,2025-03-19,Q1_Fitness_Launch_2025,Display,Category,974.3406230902059,126301,2362,4458.759581747148,0.018701356283798227,0.4125066143480973,4.576181548918493,0.042848504228163116,2025-11-22 14:39:09.503410,2025-11-22 14:39:09.503411,,,,,,,,
de323405-8533-402c-9f49-019c0f6715cd,1,3,2,2025-03-20,Q1_Fitness_Launch_2025,Display,Category,842.2208312881666,102984,1760,3677.4716706375752,0.017090033403247107,0.4785345632319128,4.3663983767926124,0.046935762690094314,2025-11-22 14:39:09.503414,2025-11-22 14:39:09.503414,,,,,,,,
8b04d366-09ce-4acc-bcd6-05682e617b87,1,3,2,2025-03-21,Q1_Fitness_Launch_2025,Display,Category,203.65273670478348,39597,281,1001.2078734690485,0.007096497209384549,0.7247428352483398,4.91625052365688,0.07300702984494109,2025-11-22 14:39:09.503417,2025-11-22 14:39:09.503417,,,,,,,,
e60dbd25-3ee6-4932-b1ff-7ea4edb5f3b0,1,3,2,2025-03-22,Q1_Fitness_Launch_2025,Display,Category,751.7950408679663,148097,2889,3391.7001039656634,0.01950748495918216,0.26022673619521164,4.511469110051404,0.04828875247027832,2025-11-22 14:39:09.503420,2025-11-22 14:39:09.503420,,,,,,,,
00e06c18-5ae9-4683-be35-f00bb980dc9c,1,3,2,2025-03-23,Q1_Fitness_Launch_2025,Display,Category,811.6137717300437,42275,551,2951.8109375731447,0.01303370786516854,1.4729832517786636,3.6369650693346864,0.06364141909368767,2025-11-22 14:39:09.503423,2025-11-22 14:39:09.503423,,,,,,,,
e2dd1513-04d9-4f12-87d1-9a56fb96e5d6,1,3,2,2025-03-24,Q1_Fitness_Launch_2025,Display,Category,705.1067176159119,97081,1683,3420.282117573624,0.01733603897776084,0.4189582398193178,4.850729729448886,0.035417305109961536,2025-11-22 14:39:09.503426,2025-11-22 14:39:09.503427,,,,,,,,
03869456-5920-404c-98f1-01e2b41730fa,1,3,2,2025-03-25,Q1_Fitness_Launch_2025,Display,Category,310.4397119904248,16687,304,1211.807145113439,0.01821777431533529,1.0211832631263975,3.9035184556246976,0.07576279543715797,2025-11-22 14:39:09.503430,2025-11-22 14:39:09.503430,,,,,,,,
20e04ce8-67fb-4a3b-b8f0-8f2c08e745f1,1,3,2,2025-03-26,Q1_Fitness_Launch_2025,Display,Category,299.230480066591,17798,308,1428.3674491999816,0.0173053152039555,0.9715275326837369,4.77346909606973,0.04510950872646251,2025-11-22 14:39:09.503433,2025-11-22 14:39:09.503433,,,,,,,,
f6a5e9f9-511b-4120-8f26-ff4f94096853,1,3,2,2025-03-27,Q1_Fitness_Launch_2025,Display,Category,467.4662702158715,33174,636,1524.366118126443,0.019171640441309458,0.7350098588299866,3.260911460890013,0.05463123094891029,2025-11-22 14:39:09.503436,2025-11-22 14:39:09.503436,,,,,,,,
5d59a743-356d-43b2-927b-bbaf4b8d37a1,1,3,2,2025-03-28,Q1_Fitness_Launch_2025,Display,Category,187.47279875963943,34324,241,681.2966587585939,0.007021326185759236,0.777895430537923,3.634109392222231,0.06352431094250857,2025-11-22 14:39:09.503439,2025-11-22 14:39:09.503440,,,,,,,,
58f28d6a-73cc-4a0d-bd29-6823c8fc62b6,1,3,2,2025-03-29,Q1_Fitness_Launch_2025,Display,Category,768.8261093708544,147534,1665,3348.754770248523,0.011285534181951279,0.46175742304555817,4.355672536913289,0.03772614512049175,2025-11-22 14:39:09.503443,2025-11-22 14:39:09.503443,,,,,,,,
ede06cfa-52cf-4e93-babf-b538877376a1,1,3,2,2025-03-30,Q1_Fitness_Launch_2025,Display,Category,473.39607469312625,30701,378,1666.4913325058158,0.012312302530862186,1.2523705679712334,3.5202897142442513,0.07757607626905297,2025-11-22 14:39:09.503446,2025-11-22 14:39:09.503446,,,,,,,,
9b516957-0149-461a-bd79-670ea8f38f0b,1,3,2,2025-03-31,Q1_Fitness_Launch_2025,Display,Category,129.4446581695422,13666,159,631.2223680056281,0.011634713888482365,0.8141173469782529,4.876387924628567,0.07277250966529773,2025-11-22 14:39:09.503449,2025-11-22 14:39:09.503449,,,,,,,,
d6b0b15f-7330-41d9-a090-f4cf008ead0d,1,1,1,2025-07-15,Prime_Day_TechNova_2025,Sponsored Products,Search,189.41916214551728,28953,381,936.6031869614432,0.013159258107968086,0.49716315523757815,4.944606323630117,0.0479336920606159,2025-11-22 14:39:09.503453,2025-11-22 14:39:09.503453,,,,,,,,
063159bc-422d-44ea-b867-f784b48a9aa6,1,1,1,2025-07-16,Prime_Day_TechNova_2025,Sponsored Products,Search,458.3256784699358,35965,245,2117.5026623439385,0.006812178506881691,1.8707170549793297,4.620082971159203,0.05273586842852586,2025-11-22 14:39:09.503456,2025-11-22 14:39:09.503456,,,,,,,,
2bc1d0df-6471-4f75-994c-c510013605fc,1,6,3,2024-08-01,Back_to_School_Gadgets,Sponsored Products,Product Detail,696.4918642557802,101865,1421,1778.4178943021836,0.013949835566681392,0.49014205788584114,2.5533936368409265,0.06933972952273085,2025-11-22 14:39:09.503459,2025-11-22 14:39:09.503460,,,,,,,,
f5e86949-d1c8-402a-94cf-bc2d4e6cd999,1,6,3,2024-08-02,Back_to_School_Gadgets,Sponsored Products,Product Detail,319.21200744762126,21990,296,852.7829801549299,0.013460663938153707,1.0784189440798015,2.6715253820608895,0.06825786879442922,2025-11-22 14:39:09.503463,2025-11-22 14:39:09.503463,,,,,,,,
f523864a-82dc-4e35-842f-762490cf07e4,1,6,3,2024-08-03,Back_to_School_Gadgets,Sponsored Products,Product Detail,286.44163331199263,23600,425,951.3869210934491,0.018008474576271187,0.6739803136752768,3.321398883580576,0.037377708997072184,2025-11-22 14:39:09.503466,2025-11-22 14:39:09.503466,,,,,,,,
a7bea7bf-6037-4be0-96ee-3c74b08c2724,1,6,3,2024-08-04,Back_to_School_Gadgets,Sponsored Products,Product Detail,910.4779320685824,45911,820,2605.5328629649457,0.017860643418788527,1.1103389415470517,2.86171995080127,0.03649960657217184,2025-11-22 14:39:09.503469,2025-11-22 14:39:09.503469,,,,,,,,
d8bc5864-f269-40d1-80d9-56897a3ecd9b,1,6,3,2024-08-05,Back_to_School_Gadgets,Sponsored Products,Product Detail,325.5887770553114,24801,369,834.9562612412562,0.014878432321277368,0.8823544093639876,2.564450374465496,0.030743016361535442,2025-11-22 14:39:09.503472,2025-11-22 14:39:09.503472,,,,,,,,
47c990f9-0279-45f6-9ecc-9d56f4e77969,1,6,3,2024-08-06,Back_to_School_Gadgets,Sponsored Products,Product Detail,810.9861978112785,69493,684,2380.743655431831,0.00984271797159426,1.1856523359814013,2.935615503515443,0.03261995089305882,2025-11-22 14:39:09.503475,2025-11-22 14:39:09.503476,,,,,,,,
0293a67b-af4e-4ceb-8c2f-9717c0f95a38,1,6,3,2024-08-07,Back_to_School_Gadgets,Sponsored Products,Product Detail,767.5462512587345,98946,1601,2832.717641741118,0.01618054292240212,0.47941677155448753,3.6906149135581257,0.06890085196571014,2025-11-22 14:39:09.503479,2025-11-22 14:39:09.503479,,,,,,,,
0f9a3abf-64db-41b7-a6c1-ffd3fb69ce0c,1,6,3,2024-08-08,Back_to_School_Gadgets,Sponsored Products,Product Detail,561.9141618482724,37287,468,2732.8915011651634,0.01255129133478156,1.2006712860005821,4.863539107425266,0.032168251844958584,2025-11-22 14:39:09.503482,2025-11-22 14:39:09.503482,,,,,,,,
c5711de4-58a4-4b7f-a989-7ecfa67ba8e3,1,6,3,2024-08-09,Back_to_School_Gadgets,Sponsored Products,Product Detail,804.9042963823416,144920,1858,2933.961725861424,0.012820866685067624,0.43321006263850464,3.645106305244205,0.07820130915610143,2025-11-22 14:39:09.503485,2025-11-22 14:39:09.503485,,,,,,,,
04341456-d477-463b-8a51-3ac2b07f0555,1,6,3,2024-08-10,Back_to_School_Gadgets,Sponsored Products,Product Detail,154.74286674505524,18854,207,652.2789003808235,0.010979102577702344,0.7475500808939867,4.215243740155582,0.054513442707211264,2025-11-22 14:39:09.503488,2025-11-22 14:39:09.503488,,,,,,,,
c7336aee-73ba-4d0e-8ae1-4f199c414ad9,1,6,3,2024-08-11,Back_to_School_Gadgets,Sponsored Products,Product Detail,918.7307462037064,56064,348,3693.9807303306225,0.0062071917808219175,2.640030879895708,4.0207435590836,0.03328411166600569,2025-11-22 14:39:09.503491,2025-11-22 14:39:09.503491,,,,,,,,
dec40b32-115b-4c1a-9fa6-299374024120,1,6,3,2024-08-12,Back_to_School_Gadgets,Sponsored Products,Product Detail,347.5143996021579,50376,666,1151.3025592410158,0.01322058122915674,0.5217933927960329,3.3129636082966702,0.07973138779304617,2025-11-22 14:39:09.503494,2025-11-22 14:39:09.503495,,,,,,,,
0cf3c1dc-dcd6-4013-951d-9511b41bb72c,1,6,3,2024-08-13,Back_to_School_Gadgets,Sponsored Products,Product Detail,577.5011536881921,68178,960,1586.9420743221474,0.014080788524157353,0.6015637017585334,2.747946154197605,0.06508897092730331,2025-11-22 14:39:09.503498,2025-11-22 14:39:09.503498,,,,,,,,
fb5d9e24-9557-4122-998e-b3264df58f6b,1,6,3,2024-08-14,Back_to_School_Gadgets,Sponsored Products,Product Detail,867.5134635660175,128077,2117,3732.1294908557275,0.01652911920173021,0.40978434745678677,4.3020997916439985,0.04075115331637484,2025-11-22 14:39:09.503501,2025-11-22 14:39:09.503501,,,,,,,,
70e56e2e-6bce-43ce-a22f-139d12365a1c,1,6,3,2024-08-15,Back_to_School_Gadgets,Sponsored Products,Product Detail,506.3994243687534,42676,430,1840.1275193823649,0.010075920892304809,1.1776730799273334,3.6337472572686185,0.05079948251307476,2025-11-22 14:39:09.503504,2025-11-22 14:39:09.503504,,,,,,,,
3227046f-35a4-4074-8ab1-c4733e7ce649,1,6,3,2024-08-16,Back_to_School_Gadgets,Sponsored Products,Product Detail,185.57725534806775,21158,316,637.5975298780187,0.014935249078362795,0.5872697954052777,3.435752558588842,0.03763194623843619,2025-11-22 14:39:09.503507,2025-11-22 14:39:09.503507,,,,,,,,
6d23960b-7751-499b-a5be-5a4b3c5f75b9,1,6,3,2024-08-17,Back_to_School_Gadgets,Sponsored Products,Product Detail,930.686532160946,55906,977,2543.6363305213845,0.01747576288770436,0.9525962458146837,2.7330752542591936,0.03482822162828928,2025-11-22 14:39:09.503510,2025-11-22 14:39:09.503510,,,,,,,,
5da38fff-cd1b-45bf-8e12-609615e6a66e,1,6,3,2024-08-18,Back_to_School_Gadgets,Sponsored Products,Product Detail,764.9163986398441,131386,1753,3033.7828941423577,0.01334236524439438,0.4363470614032197,3.966162706848692,0.05807932069960362,2025-11-22 14:39:09.503513,2025-11-22 14:39:09.503514,,,,,,,,
94a203a8-a613-427a-8721-77f645842788,1,6,3,2024-08-19,Back_to_School_Gadgets,Sponsored Products,Product Detail,396.68138327458456,27107,279,1651.5239527449312,0.010292544361235105,1.4217970726687619,4.163351300007289,0.06751421251257392,2025-11-22 14:39:09.503517,2025-11-22 14:39:09.503517,,,,,,,,
4823eecf-e905-40f8-ac4f-11fc883ce256,1,6,3,2024-08-20,Back_to_School_Gadgets,Sponsored Products,Product Detail,881.2829339821584,139382,2721,3526.0352519228427,0.019521889483577505,0.32388200440358633,4.0010252280616925,0.047582309284657454,2025-11-22 14:39:09.503520,2025-11-22 14:39:09.503520,,,,,,,,
b8752605-55f6-4e4f-9127-645dfafd82a8,1,6,3,2024-08-21,Back_to_School_Gadgets,Sponsored Products,Product Detail,620.1266665508693,50795,754,1897.9672243041998,0.014843980706762476,0.8224491598817896,3.0606121727689137,0.03541091909636333,2025-11-22 14:39:09.503523,2025-11-22 14:39:09.503523,,,,,,,,
40428dce-5a49-427a-824f-484b91781651,1,6,3,2024-08-22,Back_to_School_Gadgets,Sponsored Products,Product Detail,860.8360767412106,90503,1487,3387.605180317548,0.016430394572555605,0.5789079197990656,3.935250010828657,0.07036106855761723,2025-11-22 14:39:09.503526,2025-11-22 14:39:09.503526,,,,,,,,
2029a77e-7fdb-4a36-9858-b0138da4ba06,1,6,3,2024-08-23,Back_to_School_Gadgets,Sponsored Products,Product Detail,860.6396451955223,168841,2916,3471.762839142544,0.017270686622325147,0.29514391124674977,4.033933201338662,0.06213495819149157,2025-11-22 14:39:09.503529,2025-11-22 14:39:09.503530,,,,,,,,
89a4ddcc-33cf-4cdf-b9cd-18d33751d232,1,6,3,2024-08-24,Back_to_School_Gadgets,Sponsored Products,Product Detail,123.62844830822506,23410,408,391.731488931481,0.01742844938060658,0.3030109027162379,3.1686193128852764,0.03902080359804272,2025-11-22 14:39:09.503533,2025-11-22 14:39:09.503533,,,,,,,,
5b47f552-e3ad-4a4f-b891-da54730c92eb,1,6,3,2024-08-25,Back_to_School_Gadgets,Sponsored Products,Product Detail,732.4288955790443,70567,712,1842.2523804215105,0.010089701985347258,1.0286922690716913,2.5152644735091467,0.07349313532682192,2025-11-22 14:39:09.503536,2025-11-22 14:39:09.503536,,,,,,,,
4bf2dd91-4f33-419a-9b9f-e2b79273fb61,1,6,3,2024-08-26,Back_to_School_Gadgets,Sponsored Products,Product Detail,609.6889852852387,67137,478,2489.3174679804783,0.007119770022491324,1.2754999692159805,4.082930031638785,0.0315328549190453,2025-11-22 14:39:09.503539,2025-11-22 14:39:09.503539,,,,,,,,
5b18f2b0-5c44-453b-86c2-b71881167e66,1,6,3,2024-08-27,Back_to_School_Gadgets,Sponsored Products,Product Detail,771.5005858051361,63471,717,2586.255088596983,0.01129649761308314,1.0760119746236207,3.3522399544233314,0.0485026546238502,2025-11-22 14:39:09.503542,2025-11-22 14:39:09.503542,,,,,,,,
4fdf308e-8348-498e-938f-b99b7bc27ba6,1,6,3,2024-08-28,Back_to_School_Gadgets,Sponsored Products,Product Detail,749.4363709684059,124800,1686,2032.765666742802,0.013509615384615384,0.4445055581070023,2.712392599942948,0.032630441321276085,2025-11-22 14:39:09.503545,2025-11-22 14:39:09.503545,,,,,,,,
7e402fd2-abad-4456-9090-c20788d62953,1,6,3,2024-08-29,Back_to_School_Gadgets,Sponsored Products,Product Detail,241.66890739643782,34480,520,768.569260739291,0.015081206496519721,0.4647478988393035,3.1802571088655474,0.06309693464041306,2025-11-22 14:39:09.503548,2025-11-22 14:39:09.503548,,,,,,,,
a9f37ea9-28e6-4d5a-92fc-fda5511087e7,1,6,3,2024-08-30,Back_to_School_Gadgets,Sponsored Products,Product Detail,537.0955344018967,62467,568,2356.43031398377,0.009092800998927434,0.9455907295808039,4.387357859170926,0.03569087540551009,2025-11-22 14:39:09.503551,2025-11-22 14:39:09.503552,,,,,,,,
d0eb0afd-54f1-4642-b9b0-963ed05ba185,1,6,3,2024-08-31,Back_to_School_Gadgets,Sponsored Products,Product Detail,486.92227005810133,45033,683,1809.6864875271162,0.015166655563697732,0.7129169400557852,3.716581883410627,0.06335662793681748,2025-11-22 14:39:09.503555,2025-11-22 14:39:09.503555,,,,,,,,
72647cc0-dffa-40d4-a283-3cb39b2238f1,1,6,3,2024-09-01,Back_to_School_Gadgets,Sponsored Products,Product Detail,140.87562634398478,15396,215,354.89637346222696,0.013964666147051183,0.655235471367371,2.5192177147497072,0.045070968100921836,2025-11-22 14:39:09.503558,2025-11-22 14:39:09.503558,,,,,,,,
7c057cee-2662-4f03-94f7-86db1b0fdc7e,1,6,3,2024-09-02,Back_to_School_Gadgets,Sponsored Products,Product Detail,290.1105812982811,20477,180,963.2558717909242,0.0087903501489476,1.6117254516571171,3.3203058898446027,0.030386495328465594,2025-11-22 14:39:09.503562,2025-11-22 14:39:09.503562,,,,,,,,
3d0a4879-9fde-4910-bd7d-6591e4652399,1,6,3,2024-09-03,Back_to_School_Gadgets,Sponsored Products,Product Detail,772.3127110867911,58969,631,3289.4174305593083,0.010700537570587936,1.2239504137667054,4.259178158456659,0.055013117327810654,2025-11-22 14:39:09.503565,2025-11-22 14:39:09.503565,,,,,,,,
edbf2218-6e52-4860-b3db-0cd19d925b50,1,6,3,2024-09-04,Back_to_School_Gadgets,Sponsored Products,Product Detail,850.0187821778904,145293,883,3956.3366892715944,0.006077374684258705,0.9626486774381545,4.654410905056471,0.032115113078139565,2025-11-22 14:39:09.503568,2025-11-22 14:39:09.503568,,,,,,,,
4d5bff53-9f64-4306-8f08-0dfc7fb1f074,1,6,3,2024-09-05,Back_to_School_Gadgets,Sponsored Products,Product Detail,116.86738292708114,21991,394,460.38712309671814,0.017916420353781094,0.29661772316518054,3.939397901842078,0.05866998404429215,2025-11-22 14:39:09.503571,2025-11-22 14:39:09.503572,,,,,,,,
f737384e-ac63-4257-9b58-5d7c26718530,1,6,3,2024-09-06,Back_to_School_Gadgets,Sponsored Products,Product Detail,738.5490654120408,83200,559,1884.8816439687002,0.00671875,1.321196896980395,2.552141397561872,0.04623840897227569,2025-11-22 14:39:09.503575,2025-11-22 14:39:09.503575,,,,,,,,
eb2709ef-134d-417e-b474-1da7abf00a47,1,6,3,2024-09-07,Back_to_School_Gadgets,Sponsored Products,Product Detail,821.189938879407,117199,2048,3941.239012737605,0.017474551830647018,0.40097164984346045,4.799424379353462,0.03440649406489423,2025-11-22 14:39:09.503578,2025-11-22 14:39:09.503578,,,,,,,,
794c8224-23ad-4311-be97-19451471fde3,1,6,3,2024-09-08,Back_to_School_Gadgets,Sponsored Products,Product Detail,860.0359238332272,74390,1029,3276.6563338919564,0.013832504368866783,0.8357977879817563,3.8099063575015792,0.049788334842966644,2025-11-22 14:39:09.503581,2025-11-22 14:39:09.503581,,,,,,,,
73c85d2d-f8a9-4a56-90ce-bf3ab2ba98a0,1,6,3,2024-09-09,Back_to_School_Gadgets,Sponsored Products,Product Detail,379.2471056522752,38276,382,1107.527371360202,0.00998014421569652,0.9927934702939141,2.9203317701142164,0.05552416422710742,2025-11-22 14:39:09.503584,2025-11-22 14:39:09.503585,,,,,,,,
2976dbb3-2028-4d1f-acc5-b45251c49c52,1,6,3,2024-09-10,Back_to_School_Gadgets,Sponsored Products,Product Detail,202.62397585469728,25630,476,683.5394530250032,0.0185719859539602,0.4256806215434817,3.3734381636809507,0.06636895528369521,2025-11-22 14:39:09.503588,2025-11-22 14:39:09.503588,,,,,,,,
ba6bfc9d-e22b-4be3-891f-80ba90c190af,1,6,3,2024-09-11,Back_to_School_Gadgets,Sponsored Products,Product Detail,837.0537413723667,144187,1231,2399.088555460156,0.008537524187340051,0.6799786688646359,2.866110545694236,0.03986359014119916,2025-11-22 14:39:09.503591,2025-11-22 14:39:09.503591,,,,,,,,
f211f2d9-4410-409a-833a-1d8a153cab71,1,6,3,2024-09-12,Back_to_School_Gadgets,Sponsored Products,Product Detail,642.1590867458492,105334,1562,1889.787707827911,0.01482902006949323,0.4111133717963183,2.942865322368073,0.06864240446237801,2025-11-22 14:39:09.503594,2025-11-22 14:39:09.503594,,,,,,,,
3a4f8ba7-97c8-4999-a472-ff48ed66783e,1,6,3,2024-09-13,Back_to_School_Gadgets,Sponsored Products,Product Detail,544.7053225156498,88877,1457,1973.0660132652904,0.01639344262295082,0.3738540305529511,3.6222631424876575,0.07620771291928297,2025-11-22 14:39:09.503597,2025-11-22 14:39:09.503597,,,,,,,,
6562fd5a-c75f-440b-aaec-93a98f59cb66,1,6,3,2024-09-14,Back_to_School_Gadgets,Sponsored Products,Product Detail,608.0426050625193,88345,1269,2833.8538156303866,0.014364140585205727,0.4791509890169577,4.6606171870785404,0.06136087034498859,2025-11-22 14:39:09.503600,2025-11-22 14:39:09.503600,,,,,,,,
9c9687d3-a73e-4f82-bccd-e3888d7c7912,1,6,3,2024-09-15,Back_to_School_Gadgets,Sponsored Products,Product Detail,235.8616612537692,14208,165,768.2134803681151,0.011613175675675675,1.4294646136592073,3.2570510878475325,0.043733683374307955,2025-11-22 14:39:09.503603,2025-11-22 14:39:09.503604,,,,,,,,
a91e206a-cd3f-4054-9c5a-ee58ecbed0ae,1,1,1,2025-08-01,Summer_Electronics_Optimized_Aug,Sponsored Products,Product Detail,3000.0,180000,4500,12000.0,0.025,0.6666666666666666,4.0,0.0328086060106539,2025-11-22 14:39:09.503607,2025-11-22 14:39:09.503607,,,,,,,,
b7f58f2d-9f68-41fe-b7b7-feb10221b92b,1,1,1,2025-08-02,Summer_Electronics_Optimized_Aug,Sponsored Products,Product Detail,3000.0,180000,4500,12000.0,0.025,0.6666666666666666,4.0,0.05536684426448891,2025-11-22 14:39:09.503610,2025-11-22 14:39:09.503610,,,,,,,,
74fe6658-1536-4109-9db0-f18dd1da8d1f,1,1,1,2025-08-03,Summer_Electronics_Optimized_Aug,Sponsored Products,Product Detail,3000.0,180000,4500,12000.0,0.025,0.6666666666666666,4.0,0.04552039253031555,2025-11-22 14:39:09.503613,2025-11-22 14:39:09.503613,,,,,,,,
6fcba174-7603-411a-b3a4-2a87b205a001,1,1,1,2025-08-04,Summer_Electronics_Optimized_Aug,Sponsored Products,Product Detail,3000.0,180000,4500,12000.0,0.025,0.6666666666666666,4.0,0.05259569318503411,2025-11-22 14:39:09.503616,2025-11-22 14:39:09.503616,,,,,,,,
e5c1159b-1cc0-410c-99bc-0375026467cb,1,1,1,2025-08-05,Summer_Electronics_Optimized_Aug,Sponsored Products,Product Detail,3000.0,180000,4500,12000.0,0.025,0.6666666666666666,4.0,0.032844502541697615,2025-11-22 14:39:09.503619,2025-11-22 14:39:09.503619,,,,,,,,
bfff044c-efc5-44f5-9a1a-b44f3cc4c9b3,1,1,1,2025-08-06,Summer_Electronics_Optimized_Aug,Sponsored Products,Product Detail,3000.0,180000,4500,12000.0,0.025,0.6666666666666666,4.0,0.07158483158315607,2025-11-22 14:39:09.503621,2025-11-22 14:39:09.503622,,,,,,,,
61372764-141a-42e6-91fe-04bdaed3fb71,1,1,1,2025-08-07,Summer_Electronics_Optimized_Aug,Sponsored Products,Product Detail,3000.0,180000,4500,12000.0,0.025,0.6666666666666666,4.0,0.03383655005867275,2025-11-22 14:39:09.503624,2025-11-22 14:39:09.503625,,,,,,,,
a93099b2-d614-4fd7-b4c4-09ccf7dcfc17,1,1,1,2025-08-08,Summer_Electronics_Optimized_Aug,Sponsored Products,Product Detail,3000.0,180000,4500,12000.0,0.025,0.6666666666666666,4.0,0.07321250169626195,2025-11-22 14:39:09.503627,2025-11-22 14:39:09.503627,,,,,,,,
ec81f49b-b20f-45ef-8242-ef7573ff1c07,1,1,1,2025-08-09,Summer_Electronics_Optimized_Aug,Sponsored Products,Product Detail,3000.0,180000,4500,12000.0,0.025,0.6666666666666666,4.0,0.07276466857280452,2025-11-22 14:39:09.503630,2025-11-22 14:39:09.503631,,,,,,,,
0a023308-0829-458b-8ccb-aa6a07f3e6f9,1,1,1,2025-08-10,Summer_Electronics_Optimized_Aug,Sponsored Products,Product Detail,3000.0,180000,4500,12000.0,0.025,0.6666666666666666,4.0,0.060750419420778676,2025-11-22 14:39:09.503633,2025-11-22 14:39:09.503634,,,,,,,,
4864502e-5068-4e6d-a236-da3a8751824c,1,1,1,2025-08-11,Summer_Electronics_Optimized_Aug,Sponsored Products,Product Detail,3000.0,180000,4500,12000.0,0.025,0.6666666666666666,4.0,0.05535339086669776,2025-11-22 14:39:09.503636,2025-11-22 14:39:09.503636,,,,,,,,
d75eed8e-5766-41b0-9312-f15ac243c1e0,1,1,1,2025-08-12,Summer_Electronics_Optimized_Aug,Sponsored Products,Product Detail,3000.0,180000,4500,12000.0,0.025,0.6666666666666666,4.0,0.05313558294636361,2025-11-22 14:39:09.503639,2025-11-22 14:39:09.503639,,,,,,,,
c699cc19-181b-4b22-804b-7e317b9aec4d,1,1,1,2025-08-13,Summer_Electronics_Optimized_Aug,Sponsored Products,Product Detail,3000.0,180000,4500,12000.0,0.025,0.6666666666666666,4.0,0.0577158185669152,2025-11-22 14:39:09.503642,2025-11-22 14:39:09.503642,,,,,,,,
4f61830d-709b-49a9-8953-3e5b959c7842,1,1,1,2025-08-14,Summer_Electronics_Optimized_Aug,Sponsored Products,Product Detail,3000.0,180000,4500,12000.0,0.025,0.6666666666666666,4.0,0.06959088986326792,2025-11-22 14:39:09.503645,2025-11-22 14:39:09.503645,,,,,,,,
dcd3b20f-a69a-4f9c-b1b8-d6120f25ee84,1,1,1,2025-08-15,Summer_Electronics_Optimized_Aug,Sponsored Products,Product Detail,3000.0,180000,4500,12000.0,0.025,0.6666666666666666,4.0,0.07479383827784014,2025-11-22 14:39:09.503648,2025-11-22 14:39:09.503648,,,,,,,,
b43c18ef-dd05-45d9-8a32-ca7fdab39165,1,1,1,2025-08-16,Summer_Electronics_Optimized_Aug,Sponsored Products,Product Detail,3000.0,180000,4500,12000.0,0.025,0.6666666666666666,4.0,0.05248668518254532,2025-11-22 14:39:09.503651,2025-11-22 14:39:09.503651,,,,,,,,
b74f26b5-4ab1-4466-80ad-be3d441a3532,1,1,1,2025-08-17,Summer_Electronics_Optimized_Aug,Sponsored Products,Product Detail,3000.0,180000,4500,12000.0,0.025,0.6666666666666666,4.0,0.07049079588489857,2025-11-22 14:39:09.503653,2025-11-22 14:39:09.503654,,,,,,,,
74ae1f50-a3b8-4f6b-8e72-b7f49b4095b4,1,1,1,2025-08-18,Summer_Electronics_Optimized_Aug,Sponsored Products,Product Detail,3000.0,180000,4500,12000.0,0.025,0.6666666666666666,4.0,0.0625918727324305,2025-11-22 14:39:09.503656,2025-11-22 14:39:09.503657,,,,,,,,
c44c17f5-5f16-4386-b907-7f6b0a900e65,1,1,1,2025-08-19,Summer_Electronics_Optimized_Aug,Sponsored Products,Product Detail,3000.0,180000,4500,12000.0,0.025,0.6666666666666666,4.0,0.046076338144021414,2025-11-22 14:39:09.503659,2025-11-22 14:39:09.503660,,,,,,,,
a4c71f70-8cf3-4c97-96a2-c2283fdd4bfa,1,1,1,2025-08-20,Summer_Electronics_Optimized_Aug,Sponsored Products,Product Detail,3000.0,180000,4500,12000.0,0.025,0.6666666666666666,4.0,0.05378145139715347,2025-11-22 14:39:09.503662,2025-11-22 14:39:09.503663,,,,,,,,
f34fb45e-d339-4cf4-aa6a-76df46709036,1,1,1,2025-08-21,Summer_Electronics_Optimized_Aug,Sponsored Products,Product Detail,3000.0,180000,4500,12000.0,0.025,0.6666666666666666,4.0,0.037543053834781924,2025-11-22 14:39:09.503665,2025-11-22 14:39:09.503666,,,,,,,,
c63a75e9-dc6c-4f6d-99ed-04feea230d05,1,1,1,2025-08-22,Summer_Electronics_Optimized_Aug,Sponsored Products,Product Detail,3000.0,180000,4500,12000.0,0.025,0.6666666666666666,4.0,0.03309368500505504,2025-11-22 14:39:09.503668,2025-11-22 14:39:09.503668,,,,,,,,
395d1493-e6d1-4fd4-9890-da6730791434,1,1,1,2025-08-23,Summer_Electronics_Optimized_Aug,Sponsored Products,Product Detail,3000.0,180000,4500,12000.0,0.025,0.6666666666666666,4.0,0.03517509386351958,2025-11-22 14:39:09.503671,2025-11-22 14:39:09.503671,,,,,,,,
88879876-6cd0-4142-a10c-6ccfae55a5d7,1,1,1,2025-08-24,Summer_Electronics_Optimized_Aug,Sponsored Products,Product Detail,3000.0,180000,4500,12000.0,0.025,0.6666666666666666,4.0,0.07495634169778867,2025-11-22 14:39:09.503674,2025-11-22 14:39:09.503674,,,,,,,,
38202811-2e32-44e9-a9d3-6a4f4494048c,1,1,1,2025-08-25,Summer_Electronics_Optimized_Aug,Sponsored Products,Product Detail,3000.0,180000,4500,12000.0,0.025,0.6666666666666666,4.0,0.04717188879191338,2025-11-22 14:39:09.503677,2025-11-22 14:39:09.503677,,,,,,,,
dd78b1c2-6ae1-455e-8085-764a5266157a,1,1,1,2025-08-26,Summer_Electronics_Optimized_Aug,Sponsored Products,Product Detail,3000.0,180000,4500,12000.0,0.025,0.6666666666666666,4.0,0.06571577745837313,2025-11-22 14:39:09.503680,2025-11-22 14:39:09.503680,,,,,,,,
70441609-18d0-413e-9a95-d1c9ee8fb462,1,1,1,2025-08-27,Summer_Electronics_Optimized_Aug,Sponsored Products,Product Detail,3000.0,180000,4500,12000.0,0.025,0.6666666666666666,4.0,0.05522745007504787,2025-11-22 14:39:09.503683,2025-11-22 14:39:09.503683,,,,,,,,
5be1feb8-1658-41c3-bcfe-da1bcc4a38cc,1,1,1,2025-08-28,Summer_Electronics_Optimized_Aug,Sponsored Products,Product Detail,3000.0,180000,4500,12000.0,0.025,0.6666666666666666,4.0,0.03862794557181824,2025-11-22 14:39:09.503686,2025-11-22 14:39:09.503686,,,,,,,,
c285c04b-c60c-49f0-89f1-15974147cbc3,1,1,1,2025-08-29,Summer_Electronics_Optimized_Aug,Sponsored Products,Product Detail,3000.0,180000,4500,12000.0,0.025,0.6666666666666666,4.0,0.04238718617991421,2025-11-22 14:39:09.503688,2025-11-22 14:39:09.503689,,,,,,,,
ebab8b79-ac69-4294-8e68-d0d5ecd86685,1,1,1,2025-08-30,Summer_Electronics_Optimized_Aug,Sponsored Products,Product Detail,3000.0,180000,4500,12000.0,0.025,0.6666666666666666,4.0,0.05188791371546165,2025-11-22 14:39:09.503691,2025-11-22 14:39:09.503691,,,,,,,,
df2bb61a-5c46-4d11-9427-cde13ea71b2f,1,1,1,2025-08-31,Summer_Electronics_Optimized_Aug,Sponsored Products,Product Detail,3000.0,180000,4500,12000.0,0.025,0.6666666666666666,4.0,0.051971089588131215,2025-11-22 14:39:09.503694,2025-11-22 14:39:09.503694,,,,,,,,
